x1,x2
-1.523333949615632,-1.754305190129013
0.08477315431662026,-0.8640152295574386
-0.3344629146015449,0.5109215259984407
-1.2542426103233884,1.1166575830303007
0.21639422788614052,-1.468821322760196
-0.2594512091564959,-5.736806637656937
0.6904993311359932,-0.204484993346235
0.396153257757811,0.05126282197140586
0.4809033128368131,-5.667539701636498
0.08780533102690889,-2.1679252255487773
1.1626733057237975,2.829945914624628
1.2775138582942258,6.679992351223556
2.162147686913243,3.321106097423705
-0.596762018731364,-0.3576761417779424
-1.1482119382828313,3.9518085957767415
0.04481758920144046,0.7171341818938218
-1.7532682941653037,-0.9358117753509735
0.5985488298350329,1.348168985865131
0.08862210356896269,2.8131226767809347
-0.5649197555478589,-1.652029976892273
0.07641743055603961,-0.2808694700361933
-0.611083609567733,-4.900182347660458
-0.21557336954972459,-1.181385461774954
-0.09703671496420538,-5.248376817347972
0.999098196142074,-0.8436493922728614
-0.12651718795544634,1.0353840808449535
0.2685841192432367,1.4854331699723915
-0.14187190359408502,-4.276662777189203
0.28878496831553385,-0.39429542415350133
-0.2757663861972447,4.485719252204406
-0.6134747828930565,-2.714274846621685
-0.24853442088697755,1.4479008726826437
1.3329940685893311,0.7078304160308151
0.5632199735359924,-3.183867727834176
0.2565294018958753,1.4052303769582084
-0.6150167406898092,6.948609782341521
-1.152101429415053,-1.7667484429172906
-0.14636848938178207,2.982071745040856
0.641968662336525,1.7890489198959902
0.898277632073348,0.9638427800705082
-0.25543057711259964,3.69835551868475
1.6543806069599434,-1.9147514191654462
-0.2662689892809586,-6.082117322277161
0.45989829235582286,0.4488128830407172
-1.0490435604983481,1.9561935766214
0.15558973458205852,4.268418134223224
0.5562442790224698,4.0611843309022655
-0.7427415310538019,-4.235655403978437
0.137737044678829,-2.976234948911833
1.142995895968748,1.343961233347517
-0.6282568752397041,-2.7027330640546956
-1.2706481489789663,-3.3150120675002626
0.9426881412906682,-4.347336937994374
-0.13390699682781623,-1.3310981424347605
-0.20938182429482297,-1.3791070286064122
0.41715654596933954,-6.0382528078030955
-0.1150069576415823,2.199969268485161
-1.5308835992012924,2.2191860681289746
1.3705123253908418,2.6697301329704004
-1.0678054696498878,0.9799606323807294
-1.193222624988881,1.5886831332344393
-0.4505073454070637,-0.4062546093747144
-1.7760350312232025,1.326166442402151
-0.3038766715938463,0.7304229529808633
-1.3529795624137653,3.589894267789521
0.6081624758832195,2.4397075968267443
-0.222935889468961,-1.7282637090651856
-1.2214387062994454,-4.342982149105995
-0.30085737058134077,0.8364167416546068
-0.37284767140612646,-1.2230031989833705
-1.2146866855113636,5.164587296254624
-2.8551493287989467,-0.8088381668459319
-0.7241330158948472,-2.754982805098834
0.8432133045225209,-0.20873658126678057
-0.11085106962111013,-4.307207876728631
-1.1618086599592845,-4.008579475985573
-0.5783597018461247,3.577492725809237
1.046442967648807,2.5435988121167648
-1.5802349546076908,-2.8782324443405654
-0.0819269439284695,-0.8119717018392237
-0.6369248327203371,2.5407389084239607
0.5112207533061617,0.13276761645866225
-1.121360925038632,0.18011217813511657
0.47662823011560224,-5.758449941705043
-1.5675438249195552,3.3705914447338823
-0.9300355701545452,1.2149796310210934
0.2958164002642266,-4.881793545055909
-0.5085750856284862,0.5336996602906182
0.2884369943974449,-5.876037594900319
0.1343340006620594,3.8065757040459287
0.6319624998723691,-3.686795927612142
-0.5749019605110215,0.9655078833112292
1.83128067255911,3.9557731961707976
-0.19121318521329933,1.3471552758250889
0.320944390637031,-0.2828636970470101
-1.2458780162585392,-1.5259216839575687
0.4253944244863326,0.35489843218589734
-0.683933330691422,-0.3675822885197268
-0.42488291743157586,-1.5066568010184085
-0.38960316436842335,-1.0315440733159102
-1.3073420897579777,-0.6012087476528079
-0.10046247577426183,2.592047031848336
0.3229759051676774,0.24727747007080808
-0.6384956730284647,-1.4295262566076907
-0.04675193489919637,1.7296937037416762
-1.5164383015796818,1.9914291355586973
-0.7845056724129247,-4.403834269861012
-1.750562761638598,3.946801401432616
-0.2321312574967862,1.5120094766162768
-0.3615378998268032,-3.630448999858425
1.4573216062810892,1.4241211505045965
-0.21521890567271348,1.6777074325808268
0.8231939623276546,0.9593578829797637
-0.869687268943012,-0.206889627985435
-1.6140150122967738,-0.7343729971439152
0.3434758026842924,-2.2321175968861335
-0.10535743753379456,2.8536840870498166
0.7740696919633548,-0.0633935219795982
-0.36791867855917854,-2.7635488194720783
-1.0852161708851165,-1.0460225987529337
-0.618854140177006,5.97744317420013
1.1814215936302834,0.25416902954697607
0.43836968530470055,-1.9845513825033039
0.7038170105447584,0.9084162831459612
0.1333115648907144,-3.6677996825164376
0.4755924160740834,-5.9508041680334856
-2.2521720818458237,-1.0932524910300259
1.517854003898031,-0.44832721438134315
-1.029416258475648,-8.619975741058605
-0.7483892842487458,-0.19441827693754093
-0.6078771415524767,-4.108574388318149
0.453147506250595,-0.3450424890253911
-0.029078430654934578,-0.25449706315005555
-0.09446974686507813,2.25140514664268
0.07054743778025363,1.683261008885315
-1.5673324322930815,0.8097085950382489
1.4653741867642833,1.783034347615048
1.022495417407247,-3.710153366661047
0.9625180221963919,-1.3559540384954711
1.6856404720986977,-0.6570578368188013
-0.3849601283905417,3.3830215476617562
0.5561591327878371,5.956643842002255
-0.11026790877847195,-1.4578563926459462
-0.533275539399547,1.9294454602993025
-0.8055652026432734,5.317769154051291
-1.0939684765383324,-2.792538176593364
-0.30327687346030097,6.390704484863038
-0.4099092280057871,3.522827940955363
1.4324086686788746,-3.37610777137611
0.012581152049142902,5.0451564269556775
-0.09639811521345637,2.9652863602049853
0.6184969067120432,2.5875521391266214
1.6966293700157469,-0.43466464489688245
0.1858153411690289,4.072368643847897
0.9199300743241169,-1.3405450036046074
-0.34604862649269363,-1.077161722707372
0.761756278893116,-0.9170235457418743
-0.16477329835328677,3.5402555669184363
-0.22407770874201557,-0.5686280095594813
-0.052828650862155525,4.319981921668585
0.12993441697103625,-1.660839363079965
-0.1329310637825876,1.1823388762548022
-1.0093468247274062,-2.4281109905533946
-0.5033889161349702,4.6765734060439
-0.31621669017912685,0.7756588838928585
-0.24257892862146838,-0.7163387153843045
0.0015817417865641998,3.860432107647153
0.877662609820616,2.320644964143073
0.14952450785607393,-0.5390873417756861
-0.21351512834740471,3.1238156934144072
-0.474456973583802,4.673564601949101
-1.3801592436499552,3.3804659464954367
-0.16905641362577759,-3.341302816956706
-0.5409412489606775,-4.394400006577867
0.1276748650450963,1.3451719677157292
0.800065206094785,-1.2077370027856513
-1.2148956473799557,-0.8712594042896653
-0.4238828450316434,4.59556791309955
0.6746302427200067,0.3490875811481285
-1.0483601229591666,-0.5148779855159643
-1.4759534231730151,2.198175327724218
-0.1604835686901587,3.0144310371439547
1.537348424233573,2.6616364818517573
-0.41801449397926455,1.0830280234628145
-0.470008427002667,-2.2239852616930698
-0.6433420271487014,-2.6577773844569434
-1.3076551667621243,1.6653086939880153
0.7852608286860853,0.4185480410002801
1.9276833856403508,-1.9869621433824063
0.0551790883263623,-2.016506068095197
-2.304682967970515,0.12007996577631347
0.8465764018795601,-1.8791880240466998
0.9601773307876914,2.5378598986784504
1.6886474842105637,4.19989010631425
0.8855485525986528,-0.23150889828793714
0.059915054396645975,-0.4466031660495381
-0.6664830236222761,-3.610019866353703
-0.20689273464554728,2.8885171243525223
0.3902738592117497,0.696430472374347
-0.30857455040048043,-7.072611535302206
0.3484463714612684,-2.590196866830549
-2.415480465971633,-0.5820012754272555
0.25253323802297784,-3.42816958173281
-1.1333856983017077,6.181964436837371
0.13370685971406865,-1.3277047304302332
-1.9387294100003452,0.5826514213188102
0.37539838881460097,5.092077217932373
0.9824759703748768,-3.897714409305833
-0.025664351241676542,0.21984381028614397
0.17070387920747018,-4.2755395154273605
1.6776624208988329,1.1187008071520226
-0.8443702793778088,-1.1277983371146678
0.3647592508919792,-3.2444805173776206
-1.0134932206252345,1.8359288318858207
1.1904690202315205,3.2348884327532845
0.3899880672842517,2.5227302228004835
0.3881967664381509,0.7793870147566256
0.4057591192772492,-0.22360876067715257
1.2639313852859941,0.9898314199806333
1.0120991966090735,4.448448473236121
0.12405773821650781,-6.559047291856749
-0.848682217585426,-0.2864490816550816
-0.689109376517148,2.8111554251497175
0.6977420959127946,-1.2708682630127894
-0.9613580736011376,-6.171291428055628
0.17762857229808632,1.8017562435444645
0.1429101351605474,5.443603081678698
-0.8905000873325895,-1.8484944407871995
0.9938442485925673,-2.7242801265601937
0.09451340753468462,4.334280560301289
-1.442996743427259,1.1934176778325771
-0.2599622917449303,2.7174238169772873
0.8511148020185128,0.5220782713650977
-0.16616633779244352,5.121109730223839
-0.6163850325157738,3.4454280106901374
-0.7933554720601687,0.004077534609988044
0.6737609970023943,-2.3274474681008828
-0.7408235590735285,-3.511054692929042
0.17417343266185348,-0.9403885301017975
-1.0220322542331475,-2.6631931812075793
0.87266885780666,-2.561677808387539
-0.3609877390698495,2.846462174038645
0.6975209744039459,4.596439045049609
-0.777285800566863,1.737531825903735
1.2853299254696258,-2.757200649652844
-1.2330931823315083,-0.9450122634973018
-0.07343410932524155,-0.20689611829610172
1.0363319411777931,1.8663829161063112
2.0014782005479823,-2.505415440743184
0.5352201465652997,2.1391535426246446
-0.703862612736331,-1.365826376244805
-1.8497457893831974,0.6039008360774946
1.2686768479289725,-1.4175677008759424
1.2016039182531253,0.3895662716173319
0.9024080256860374,4.906563791114093
-0.911270230450782,-5.19747247787512
1.313896767783219,2.4123627671016705
2.225942249622111,-3.7407045732393103
0.7251966394268898,0.9628040479303269
0.5352883962031977,-5.169957163906252
-0.720008620750291,-0.36343163459011757
0.07271870171012823,3.5011146121964125
-1.6001850222753382,8.609427691197842
1.3462585911977136,4.952116217355925
2.370649760808729,-0.7293200464164228
-0.029034884092224007,2.2543568060971393
-0.4592056359389589,0.2804782054493467
-0.7325455567080612,-2.467426365952973
1.6661047763737307,3.632466793681408
0.12259874548355515,-2.8052644358033176
-0.04776891499165091,-1.4017601645625164
-0.14755778714686424,3.635483115161963
-0.32466993272186734,-4.9702739148834105
1.3837514394862973,3.525296830536086
1.1836733808610047,1.6508068665008295
0.5006734410445646,4.2434877415501795
0.0015761170135157186,-0.3325928086623086
-0.5341871978936427,2.9671415278528697
-1.5396205417980493,-0.832457801130428
-1.143663603335383,0.6953323501875472
-0.110245298743348,-1.9740255094394106
-0.8278011554680245,4.615930510680094
0.9712569002196658,-0.9206552732366844
0.1611160570431586,-1.6897781561678773
0.6481698964999528,1.5035256006133124
-1.4853441023724077,-2.2780752678497156
0.269508114190104,0.8109629062800305
1.4712660845421461,3.6410155101010098
1.4139184541877798,1.932496197381242
-1.487137076901159,-2.398298031551061
-0.6204065275878256,2.613722093446675
-0.7005226841018118,-1.7296859799379063
0.7762257600477706,4.664180193286702
-1.6841067852536291,1.2848586973889362
-0.42287143981099484,2.093664064592078
0.967382023498546,-0.3282274294940312
0.6573189859500513,-4.33278400622021
0.8508283531324332,2.197128700691148
0.9848414086894094,5.408085432382954
0.825028571620649,0.9593390770261734
-0.7303570353197568,-5.004297570016345
0.8913949023274089,3.2605533518652012
-1.6920726666231287,-2.2425356567450496
-0.25697278584203437,-3.12491649948837
-1.6044647915067942,-0.7203108914171996
0.6101955302857787,-2.0062888273301054
0.38867147882793773,-0.7376826150192055
0.5167942337410188,-0.3782729914425885
-0.2906344871732582,1.6685404750322004
-0.05089552992991794,2.1503714030993195
0.3092050140732613,-5.878273311427246
0.5157493568347113,2.842055266574258
-0.05707167837825042,-5.21479224027728
0.6461843523570785,-0.24312473392579745
-1.1408203278551072,1.4877731654341309
-0.4154569839949849,-0.0010758658009715337
0.6275878298003272,5.9982225266672575
-0.823276602131639,-3.6122819540430875
-0.6254804967245584,1.2795046609516496
-1.6042507154428693,-3.418536799928569
0.840826305305743,-0.9178900064956886
1.1780926759095085,-4.272784948689217
-1.106301358566646,-1.1239847479929304
-0.21210481619007457,3.1007783571201424
-1.7042160767419179,1.9762167865861895
0.0756081472040889,-1.2758213883207048
0.6512445610820177,-0.0641691902339231
0.5806804251781401,-2.5918949793277384
1.7797639347564314,-1.6224598978589564
-0.4395464869666065,3.777093055318707
-0.09107686324307424,1.066790609781109
-0.4827626634434515,-3.340777154409845
0.8456013758496314,4.649480783796811
-0.5203930638025385,-0.724255314243824
-0.7946443213549605,5.718765229992352
1.176284323349907,-1.3235339432362918
0.14832542112338476,1.7782358120229929
-0.14023552331097852,0.5765407481262219
0.4251519180318908,-2.7357774329757896
0.27281814211055927,1.33084584952601
1.198345137943006,-6.163587708209553
-0.05756644850511701,1.2500385204791935
0.893080808888438,0.5554024945559525
-1.3885435517145956,-0.7260840697303323
0.6689588027449984,-0.6328588618325515
1.0279666133036398,8.195148814978012
1.17459720543189,-1.1218734222485844
-0.13702049480228,2.977723378665223
0.3071417934852493,-1.0678128835506133
-0.3757761673545801,2.8080099969434436
-0.43895907884866314,0.025626517638259672
-0.24001891542141907,2.6142298705554863
1.36885275940985,-4.771223240546811
0.21902388519044388,1.6570329579170975
0.6080647118902687,-4.073733106468559
-1.6835017500197267,-0.58606118804476
1.3990661914424192,0.07856350995138693
0.6504057597405839,-0.8721869535824853
1.0133488928128924,2.6850832202517165
0.6027880955281957,-2.646850005671784
0.5373381627959616,-5.58603154970279
0.8946985605176202,-4.280562979517477
-0.9855287498620134,5.098225881371449
-1.1374046042932793,-3.7447447295025285
-1.5909712405026792,-0.1480540298363531
-0.9593774639088132,-0.1460006731538576
-0.3966236225911497,0.005479774849135223
-0.008650008324350124,4.88352574352208
-1.5087993371913997,3.4029200736792244
-1.3146159245113251,-4.587288546867441
-0.7534225618860122,2.9967723379543654
-1.7353903250003861,-1.8349062857236689
0.89622485090636,-2.9488080044145177
-0.6853959768188613,2.0116833489981647
0.45653593933209224,-2.343380702261671
-0.1936247045097865,-2.1945232399661636
-0.04632828775258328,1.3250272943404073
-0.5159280286701236,6.308341339233743
-1.5425312728445282,-2.8327734455283387
-0.43037711545646484,-2.132777593335282
1.9404652461152259,-3.998233160169213
1.2839874041943864,1.7924599841901891
0.6390350640906572,-0.08038800383161777
-1.6758609999631178,-3.0335416608833423
1.167136794432173,3.4461426042231
-1.148565588499847,-0.5092135305426035
-0.2753597118176514,0.9310532313186416
1.586611518589354,3.614037566992899
-0.41761690825126063,3.0706447479005536
0.1451916641345388,-0.3374833271730522
-0.40329066260531393,0.6961409861358625
1.5917757998414004,-1.6112781899816382
-0.8921697996782988,0.5904277871396755
0.19047120382276334,-1.8010788999606828
-2.4256026277982334,6.408844105491703
0.9467202228097436,-6.879098918634226
0.12577824150972483,-0.39628944964817686
0.4913689429035027,1.6637929063305865
-0.9382980437168085,-0.9284045890621186
0.5838103116954554,-3.9387466078175954
-1.1819092516364818,-4.557024681917249
0.0006632940826736938,-0.20903054940257854
0.43186153969420604,3.9379537643334968
0.6281135810545249,0.2559917510944584
1.7563687527502327,2.66678384266961
0.06911298149524155,-0.6416676542952001
0.9314508372318241,3.7689147587188976
0.2599184963556659,5.079803444222487
1.6101446389390914,-3.441229800780894
0.4744197312853506,1.3401036221625233
-1.3945394563024058,-0.6026784151371423
-0.480412673923419,0.986339365679413
1.3702770427171584,-0.9328592878378796
-0.24885869560870877,-2.2775439503656445
-1.3570448718375292,6.660550051759367
-0.4317514465662636,3.7886479809453624
1.2219059362213898,-3.130437297837091
-0.0907852276626689,-0.9441238593129384
0.2248858387324342,1.8823565891201777
-0.9739628999563914,-1.9413431781533332
1.919943459776743,-0.6635839009000635
0.6351564070493902,-3.4387119210967336
-0.7530538494659307,2.3039886156773495
-1.308495113159678,-3.297733086781384
0.41033518782721357,0.43080950609904145
-0.09361800217061388,4.716121388019663
0.3724274351839242,1.8362460418082902
1.0146190991822654,-2.6998637404304007
-0.6369150625565354,-1.3666323001875988
0.0710965921936423,0.08733139568781739
-1.2921959780406267,3.6592279068369242
0.32436825658387775,-3.3788774011230114
-0.5601031334845691,1.4021630601914772
0.5984096891230741,-6.736273176475413
-0.5371671207785585,-0.859722087028657
0.2665805605691953,6.547245937905782
-1.4503747182041573,-3.373350949396388
1.1877508069834413,-2.365924880409452
-0.603230053043065,-0.7005904532449388
0.09002686521189968,0.7554905659247945
-0.017845049394836197,-3.002983237149452
2.2307442225588794,4.247688775930801
-0.10159606261962807,5.515172987902878
0.7881526680555678,0.623160897897969
-1.0721340526170517,-2.2441823132191097
-0.7318064444787215,1.7707479185331587
-0.6176614215389015,0.713533755228637
0.6096228259381222,0.7280500739507186
0.11556456878316078,1.212163238306559
-0.10605434168709957,0.18647834479656505
-1.7551148489961934,-1.0541247098459257
0.37817279601417036,1.5890807609563993
-0.8729274056865612,1.3873464653861551
-1.636226717856702,3.4462130125293498
-0.28929937172939807,-2.5668461852799744
-0.08721886350858214,-1.7378515454257495
1.2221808102416956,2.9770005689102943
0.9040141430593717,-3.4822696909315094
-0.3107175842274808,-5.220192617431162
-0.2705306778094524,3.4064854067955084
0.3009286233327367,4.5253939514747925
-0.1659759026216417,-5.516590317102889
0.14505539244569335,0.15569306079431325
-0.6508293089010553,5.3155250482188166
-0.5767670282046828,-2.2627535253662616
-0.38359160350353966,-3.4332500046808767
0.35606871095162446,-3.5036566152264097
1.1449062190041703,-3.177241872787669
-0.9191849248258253,3.2438356989459045
-0.2816455131586153,0.13417322700465512
1.480652193409098,1.7363426624244187
1.2902423733545667,2.7871478896697126
1.136620393767626,-0.4344649016189205
0.2830281637098394,0.3297881008846329
-1.7917179553615514,-4.337669835210726
0.25037894767738966,-2.9156621819527806
-0.9802847594492997,-7.426408097997453
-0.42306048427439846,4.548476785936946
-0.7242162176302022,4.136346224802485
0.7004595590410712,-0.32150591428363906
-1.1592941603218108,4.0731853455305425
3.5906039033226858,-4.982243143289994
0.7160449475069525,1.6429940239140832
0.2987800060700773,-3.153077440737211
-0.04766671750475625,-2.210370325718403
1.194887548655534,-1.2581531741859546
-0.4344358447825701,-0.5532434010304865
-0.07149937345389112,-0.11474295815616767
-1.4367089050574258,2.773399895416915
0.23055548497658196,-0.608061786979697
-1.242460930320012,-0.30145596525009133
0.7836743307687479,-1.8528885349134983
0.4263925889778534,-1.7884304886089757
-0.8102147160588474,6.369500723144963
-0.7137201095891221,-3.8391928744659944
-0.12545770714740737,2.4269987156060133
-0.6529115616566374,1.5511834486510256
-0.5275803822035201,-3.0025951573165304
0.4394056416443927,-1.762794047484082
0.78232757144811,5.476466366909908
3.3395159362023277,5.408569199608725
4.245475346753862,5.315488054801523
4.94361965738912,4.919500464733217
5.57463324355248,4.387941984235112
3.9068734739221584,4.572316742005034
3.4893820324963762,5.4874667673131405
5.847622348738778,5.823031404045285
6.558892997703594,3.6569580456647834
3.4934136166547374,5.381075101455356
4.670327385682736,3.5313820154128175
6.85950175726917,5.638552248367607
5.805049543522957,5.050537043541981
4.456542446579763,4.944310620991731
5.253692720746677,4.48364981551143
5.990600857263411,3.6982599465118104
5.99890075782327,5.700202299225982
6.048949605008147,5.5396417232196695
4.5970942555994165,4.636488588295329
4.366699460639203,6.380249361890844
5.883787055361183,5.478745151987163
5.48469276566532,5.488583888665385
4.135483140357434,4.715802465952302
3.987058686813744,6.816840279942418
5.095099896818897,5.233158264383965
3.708112570737019,3.5054288327480583
4.976590081175039,5.167955729505427
6.092474438243725,4.912738422926685
4.486606186618768,5.221804485751212
6.297871912350806,5.428205302431088
4.024946345027646,5.7897246443524795
5.523594890445791,4.575252608421019
4.1826381874582115,7.253407899811766
6.381318709208994,5.286699228718459
5.213269194120162,3.2123359613606888
4.58855962064698,5.287767946935085
6.110949111263752,5.400477178871079
6.763602320311837,4.994081597482105
3.710659149261712,7.505706658005614
3.389970870306917,4.201911166038894
4.435398643016624,5.255452800557499
4.819528968168948,4.862221314674697
5.168025896131745,3.662270115883657
4.071429375823719,3.122433829516517
5.118456390371356,5.616051205679063
4.475710340393584,3.7911316718102688
5.711908469066924,4.041996554947309
6.839629547314171,5.843346587194535
6.2117672213083575,4.174625099558376
4.3937391046221705,5.2727309081100415
5.12028131474297,4.429642780378259
4.475710047011946,4.917206065576954
4.257847106612475,5.128198923104466
5.022840521366574,3.8899441514774287
4.106120867986669,6.17493222563342
6.752402720204582,6.59700894907905
5.018464892492777,3.1500125479496246
5.59832138732752,4.421324616344724
3.3636089676688643,3.9005554363921706
5.729702884148635,5.2402373777270075
4.049252392879673,3.727493693386749
5.346805948969684,5.23698565420837
5.43538188047055,6.481805705453564
3.91158287195827,5.123190209210088
4.257966190130059,5.544426214341868
5.154013406715841,3.818579522585914
4.355627897580187,4.8890965260566555
5.27897060233625,4.8211865567051015
4.12072190408879,5.3473242198593605
6.020805387238942,5.738014940013374
4.937507198376113,5.497909769013764
5.632205627907174,4.93255528998641
6.047252022057037,5.010651334535247
5.9642915592535966,7.006424953446427
5.567210549619322,5.552508895877037
5.495807188033021,3.3094319907238186
3.5714373690930374,3.7205345371202387
6.892933157810547,3.2874523997595158
6.1264992029886765,4.257792208692951
6.857738269359662,3.3449397754814405
4.481679795293554,4.112927824511006
5.64257701011857,5.944035123227504
4.476560068090843,4.66505767743025
6.690165400320225,3.7683613874029964
6.4137334955574445,6.526734734914595
4.684421547457108,6.51880159605475
4.682614978290631,3.926149702456657
7.057177047535606,4.959515668926236
3.626948724623579,5.241716614614603
6.397103729892558,4.769963713390099
4.67057291782242,3.676101469421968
4.748018708612997,4.185817518687347
4.796417861217329,6.683600454181988
4.949989646528357,4.656439017911754
4.043276566165755,3.0304226249087924
5.624502090468315,5.57605536379187
5.723313913270114,4.2829742353445965
5.19261946221552,4.11270880273179
3.446179986282356,3.721244088177282
6.094187913130056,5.7631905673796
7.025925510627644,5.354934340757324
3.98664863587809,2.8432373701294074
4.991281972172226,5.1445461421337955
6.388437942815271,3.875686094278375
4.373507422494887,5.343361206432621
4.3227325592878,4.099321366073056
5.340045535223467,6.4621063702649275
5.993926980299535,5.620494346759397
3.9285769591672364,5.290241302424305
6.2270833352842665,5.350880643929436
5.856423489503289,3.7806277691736287
4.38269697538029,4.73063212705921
4.401966731605636,5.113035273380009
4.168826918497336,5.842578931734216
4.063890355911635,5.116814989826247
4.793930304087566,4.994395213448752
5.188811937948236,5.259003221011435
6.639923969958617,4.569944557420739
6.741113696069515,6.341025268050674
5.580512346274239,4.130951736500734
4.116980566900515,5.388175856292817
4.504488991504091,2.3226005605334663
5.659117468381145,5.156156649329437
5.724580168480846,4.573120670354077
4.333584522422424,5.8209016745798285
4.642644105160126,4.920528390919116
4.810992996600446,5.694938048162355
4.2646511865759456,4.537202601998412
4.88887356890677,2.871322159110122
5.266047127608451,4.211991332958936
4.003971214028993,4.619217340506775
4.963796326706209,3.952542248960214
4.154753765188612,3.95210434179365
4.515399153680069,6.128151733369204
5.184993096191175,5.668581044014299
5.098667401919755,5.958189779922297
5.490811052941323,4.5677620810694135
3.855756093473687,5.821610184399717
6.3764146146712,4.400434812419439
5.565805886304682,5.916391613266418
5.657664761925989,4.919074534996848
4.97594604486332,4.847255153268512
4.102397609615372,4.696125309138278
2.8141828893510943,3.385992573174308
4.9066248037458,4.966548160775666
4.597989095959585,4.629457553398187
6.085962612265888,5.782339226801725
3.332636284004516,4.060748750746231
5.497243006489104,5.303380948867274
3.7046814198223585,7.432593231841045
5.968074607340142,4.154748225862352
5.064674224908455,5.544166002123558
5.4101315911211625,6.482264644541266
5.134292052732872,6.186853825876183
5.2519603767915575,4.791735465800335
5.425439904825358,5.125644142253056
6.389077367387785,4.422358225762975
6.172476463035537,6.328162526056798
5.581845517971862,5.047630267636793
6.961493066627192,6.25245288130801
3.8472165907229785,4.224529237936748
6.292236097298488,6.1301385552737475
6.745435731133139,3.6299300688653773
5.370421871452428,4.471725374445046
5.068896152157063,5.534947807225156
5.649722257668642,3.142591034514397
5.48301677060514,5.769540134595525
3.449542511838869,4.793049078282166
6.7485400151929245,4.316691134448257
6.656975553161506,2.6767129084157197
4.088238285896853,4.580698152593061
4.0344462522067825,4.850627083046797
4.561538132105588,6.038210689686067
6.458024457471573,5.332190859554074
5.791883691304643,6.708368437695339
4.868714934848594,4.529865799315062
2.6017763834556553,5.978335613895048
4.116851390461273,6.504155775178939
5.282705052183109,4.970005253336008
5.961204350147776,2.4193265191190596
6.308962336464744,6.631923839088257
3.4198380074899024,2.609249916828158
5.958119781994702,3.0812141729665177
5.101545433473467,3.6297457116326868
2.824476542523488,7.212101009949338
4.159641603529993,6.155526421795282
6.399109055181888,5.517408471738198
4.191199263074212,5.942810510853968
5.071278828273358,5.4809335483486885
4.061156491945592,4.250651420666272
4.376974880463695,4.657225684159903
4.951616184291048,5.949489654379387
5.07591343363236,5.445611296713304
5.526730960892776,6.213915760917275
5.626160543505522,5.962995565289736
4.446234850548493,5.476028283738656
5.540581750293438,4.838986229505566
6.10672067209301,6.484987588074627
5.921238528502181,6.705223671928602
5.974258125501571,4.841049068991632
5.419843443581928,4.181483395126701
5.609604383658526,4.847466148484479
4.541080080491255,4.889974254037517
4.219669977644725,5.5583607123775725
4.773352398002061,5.432536428733224
2.619427571895473,4.299147616705117
5.716058459845475,6.145179657197287
4.547511019920427,5.578051674541871
6.297734561117588,5.590664795812914
4.6829859765779105,4.3617738763403
4.685001089688432,4.812550970113868
5.680618717431207,4.088722619090465
5.635329282490789,5.2302529935085
3.2910172733603673,5.660708792520602
4.66911251802693,4.211441338200954
5.121476299471443,5.083297031101728
4.008823910505322,6.586501661537206
4.436927099759797,4.026153618897348
4.6829405879541905,4.884884231104804
6.02434464118622,4.52711066914487
5.568930963869459,5.157989542953926
6.063113048100419,4.08694914822757
6.00455253881192,5.0636132980175175
4.501678039241809,4.692601361464389
4.575720303135446,4.744392227638557
4.2508394883651945,5.377577585041453
4.511107890425962,2.5133789733153
5.702918770891,5.0977076100558545
4.1698886566077675,6.082489250914974
6.8018194935738165,5.246998141640542
6.027089579003113,4.309263568856348
6.237240180839933,5.525143020074486
5.87142354162103,5.538447520896822
5.629865695149842,3.683656702751118
5.024147096153036,5.056698057961607
3.1719378527831066,3.9889029579333197
2.112110054902445,4.51240987639957
7.165360630084917,5.52306560343209
4.411759691412495,4.3888527368075465
5.889582873056739,5.887498529536419
4.948713675806771,4.323107319111695
3.9971507126040913,5.7607740257448095
7.033456483002463,3.758804050083258
5.554812263958171,5.924582940286292
5.5455877992434965,6.490048590930111
6.651220131616956,6.8552433488715225
5.969981290652851,3.370392804637466
4.159633462195257,4.353808349572311
5.474119188690551,6.144507420593819
5.15358826764973,4.116611740878165
4.787459898651554,2.6990389745816934
5.488315323524919,5.5029106572858675
5.652600396377709,4.886071325900722
6.074519961731592,5.326275043979321
5.481915735125572,5.175227564394259
6.522350120894085,6.052664980168003
4.888382565185098,4.476966256956967
5.1947908842619315,5.30201397296276
4.176947067346147,5.7749747469749195
3.5240732362528697,6.707852399356283
5.189076213231316,6.366484637718507
5.049795705349881,2.8536417576096653
4.433893605394959,5.138194075096928
3.493658344204124,5.346258608991395
5.818096808033794,5.003594974565818
4.321038760805992,4.376868792420169
6.460426809171734,5.525474545724869
7.085560702239299,4.249733293939413
2.900147490247475,3.905809361804344
6.353314153736385,7.019868273111366
6.28530522437082,4.673663785140502
5.450523340820034,5.767447100932058
4.694806619614378,5.772281250246619
5.624169740783812,5.689218820861432
5.886483884342524,4.197993286423006
3.43762591032361,5.795369018645653
5.538212837019348,4.572874690344196
4.975931521522732,5.8013771600801425
4.836177910850661,4.88967077609663
6.959636617286976,4.3789673682318515
4.829628065152006,3.027522599250881
4.118825109862502,5.166353439882422
6.669827669660023,6.220243548948601
4.98910005074434,6.243158165201406
4.051959071074083,4.398295328662424
5.50184945251051,2.826369919370044
6.029856307968128,2.7305582931653243
4.227719373205316,6.868358718562199
5.011288517595601,6.103165784949951
4.126394010723034,5.164038475697962
5.608707502098612,3.626922395490111
5.7768300281887965,4.768304431180972
4.7350112192245195,4.105968081939887
4.583816021058006,5.612606843627291
3.0414463717568148,3.518754683834397
5.3408407963001245,3.138687560935857
3.828495543598809,3.3195969744459286
6.607820737786504,3.330014131304307
3.245195463339286,2.956733685048754
5.181481476420921,4.84068372576932
4.615087144404767,4.680725492704949
3.460824714556007,4.870517195251276
4.7956195353265185,4.346852366744875
4.374350704870557,5.462224736830814
6.277029949020351,4.559503892541243
4.810291143564925,5.130950494058621
3.8699811728749736,4.459873239176261
2.969982340777624,5.099486238507318
5.673326511953506,5.513728319939473
6.262945390825703,4.017068031844108
6.808222649150961,4.665899826906844
3.456473861801052,5.458288529215641
5.758754118357273,5.3912308424463955
5.1164047171473594,4.377216600974073
4.738214756036635,6.514615042043437
4.617480061087019,5.028394874640236
6.3154934022934235,3.9912253606612653
5.302137003249917,3.518849565855731
5.91919432666144,4.111439933723485
6.809711131363119,4.778267631500265
3.6877105873780813,4.752521906631055
5.345397671668536,3.7561054016178588
5.202016644651904,4.276718367225174
6.232647179949554,5.7658294922472955
5.924849171056025,5.724592312295953
6.317997999520784,5.195478376820963
6.777196461508003,4.245083335060018
5.584937863251664,5.443240061610187
4.451549374854436,4.451682095798256
4.585981305628257,3.7065378692088937
5.438866962248602,4.238998094517726
4.200275888575436,5.586590281537028
5.435172082989942,7.231289600801815
4.670711120983754,4.172308721131602
5.415786040362665,4.69414093976971
4.562053707074936,2.81243604507656
4.6068232328289564,3.4153456709904333
5.66315029785726,4.684437501562579
6.028911356063212,4.018720080101114
5.655353504685214,4.8833538788287125
3.8812628201515205,4.955394006149937
3.3412339465777037,4.996170061949641
5.120622784764204,4.5943309644546435
3.776789991721164,5.161562584407235
6.420510437161981,5.415681107945284
5.894564087903017,4.803606092596365
5.43183805697754,4.214226161249674
4.241559639540735,3.7104296307600495
5.816075973122941,6.094058950141573
3.2286005851591977,5.075845416330281
5.759839496838716,3.6705267626538074
5.597077109630859,6.216101658805005
4.437991641078973,2.4972619619390435
6.0741628758108845,5.241848422537152
5.648685762486972,3.7746696720699324
5.583164597375456,5.01995862994186
5.770761601938352,3.671936320512893
6.072920907482559,5.336898542723888
5.685419342798104,3.43840149180805
4.584189829401859,4.089218134381921
4.4426541170551355,4.457852794623177
3.512073563242617,5.635913913860316
4.930252161563238,5.630713794608323
4.833174348155646,4.875208629786389
6.198163748640313,4.866667700462075
4.93378991758732,4.928766266370992
7.03390018696417,3.920015989574959
5.437931279789728,4.479311975744352
4.893740141617065,4.667500082720529
5.4458636457810705,4.903204458028758
3.2719918623287922,5.888989611578484
5.7577207201611085,7.638521005608961
5.469544695679602,5.166406456355066
6.641643873429617,5.336000411510968
4.44443878208188,4.3541733114600305
4.631788011634911,4.390252113670116
5.044386482769786,5.335014500696902
4.026678366830381,6.594820730735712
5.467362659903337,3.9056325597314734
4.45736936255262,5.005658059358715
4.012717581066496,6.041819588178042
4.6102491078298335,5.264114772775014
6.777068794351901,4.011479506786482
5.059864129473342,5.634014663550913
5.145520587115338,4.7176014460480395
4.093308543486216,6.90522867920739
4.627104629659424,5.628589231999874
3.5308586760396046,4.546479562843454
4.273451205745888,5.520463194900488
4.8874403258904975,5.422915746570508
7.034717199522631,5.9905266971331
4.490273193089673,5.7140468860086235
5.244300827212152,6.376521529944099
4.7316312347833,5.738175893132765
6.609268644617451,5.10245344354027
5.622190823393823,4.421226869208924
3.6496126478451014,4.664516594892272
5.092984881786923,3.8431620843031435
5.25639543857794,5.541473908251024
6.446270814321619,5.923011171193097
4.68372625431879,5.184954002785148
3.5429335795087153,3.9480607588652696
6.1210293680265995,6.0553906551140235
4.956659712401451,3.2795059609390256
5.698197339799939,5.287106156055756
3.8175719357579787,4.522832012429709
4.321773050409082,5.889987902545986
4.567119323816205,7.041970795796579
5.067661057975565,4.476493566753961
3.7494736448104504,5.8512538451754175
5.263856928282569,2.0970947693268864
4.370073718493098,3.7336734385173793
6.917895945703509,6.3354137229435805
5.757956886641526,6.325523536270277
5.524769688280918,4.48131086295367
5.67804157737129,5.456029322279047
5.93892302482626,5.626395777355661
4.1217841977644625,5.496762698431477
3.373649261804161,3.7738367356130063
4.823993943007136,5.93225193846762
4.452909570816815,5.505912762649975
5.406861417269494,5.766229232474731
4.728151912802581,3.5490089728665204
6.266868124919226,3.5135800864883606
5.146461951747022,4.194760290030234
5.94096605179698,6.247786852042108
5.24850406289219,4.858884851668779
4.6208831896251095,4.015261318085108
4.96099153320945,4.863638222931828
6.132770027170231,5.248722196117342
4.545799185204955,4.3350313365445805
5.269797616698977,5.468043052287943
4.5461424518828135,5.049869430127766
4.714816930711451,5.291293655792646
6.735067402942857,4.785769698750655
3.6102892192422886,2.9028521911476015
5.654304525466009,5.696173330154914
4.643368588070771,6.050949587125642
3.9654128137330416,5.3007207101021105
3.472991715006656,6.430194425993516
5.675946062353679,3.3932155808223885
5.321249523541862,5.164005554108395
6.177818481878553,3.722348191688318
4.439852894383847,4.677455302828822
5.718324636914587,4.580559150370333
4.508464494223092,4.17148493196621
4.6090743457676995,3.7301467784509255
5.126761675399821,5.911397184599268
4.8923663084579,6.234850119504399
4.041613587670854,4.586815378344101
6.855932090345135,5.997621350950164
5.318754825121774,6.67697470733733
5.093285850154758,6.112623102371663
5.423082818865356,3.7788955371152855
6.246676966392877,5.86695933027538
4.267270832398771,4.083396470566986
5.303724397891505,4.760884631413097
3.75175927769712,4.844877513152242
4.8353434796848305,4.62427412585034
4.419994818503007,3.7562896379923263
5.483138387757058,5.939210169671472
5.311847318660799,5.689290296235332
4.77054075259219,6.172633809065139
4.607408005873836,5.095837840419349
3.8091998584531828,4.865851157892223
4.942199981421888,2.881647863263335
5.814990164846424,5.2967282276091865
6.000754972807413,4.510378368778882
5.860990471381897,4.446563039521583
5.548799412125219,5.515413934270622
5.069936861357505,4.178039966195131
4.378824233228046,3.975392033884793
6.488840629636323,5.10676240028046
5.6693542511192945,3.705077767437506
4.674117600546574,5.009324010556611
3.7196659350335244,4.241932766009496
4.331781418651577,4.753509078126435
4.8900793468830095,5.6891529381935815
4.620354042181714,5.63855039606076
5.966379183614811,6.025861816886173
6.3316529020133885,4.83286197658706
5.414144496780757,4.569290317078165
4.062867926228767,4.55115185524464
4.89328339458413,5.355359507198387
5.415522976890283,6.62697383272018
5.47503167401405,4.167694320692293
4.309465823202596,5.271653810484183
3.509958383772054,6.009967083611581
4.654434970902113,4.822272250943105
5.53234336837153,5.160212949721464
6.000898027505736,6.806496806878281
5.33789218699245,3.1382193715633346
4.139886320307902,5.2864214685209
3.909898287813096,4.048272674307914
4.188921347205991,3.9948683163087058
4.4588205904712295,5.448453739744481
4.633781022709032,5.032286039372221
5.180978351763971,4.7299556820255875
4.501561880986618,4.990244798452775
4.58773672923456,6.692286865538616
5.874651154476111,5.890815677691491
3.124835940597958,-5.325733774366927
3.667918990232193,-4.810844477236491
4.9799609590558385,-5.230177234356134
3.5348579472866914,-4.734369134323606
3.5524081456396113,-3.08625807620741
5.287303414242757,-5.526570593113565
3.124078510889908,-5.673841537692356
4.258014947094898,-4.493053403502612
2.673861486119442,-5.387663949284196
4.815052728937493,-4.5759501593691345
4.843010051851292,-4.274363663517463
4.200069962598227,-4.874281046324193
2.6896782298223068,-6.278137704287624
4.236455636816521,-5.4895607395905035
6.042007320485617,-4.128401872446683
5.352790196761304,-5.45768158602387
2.947641354484065,-3.599011676625485
3.103033551524543,-6.361758274675586
2.1360823298237746,-5.6091444624720666
4.114002362195115,-3.9372230463671785
4.253200533220836,-6.308876154958562
3.6008276256516316,-4.165274990135139
4.351544464577206,-6.480435375384576
4.624833939533729,-4.957845986846907
4.421875562263969,-5.2787200059589106
3.1938784131373,-3.6017608425502847
5.2950310589053995,-6.27960002369874
3.605386009745971,-5.46105683934302
3.7858264509568604,-4.476973597805858
3.0258982546375663,-4.653927188643296
4.047763570864308,-6.162271449982115
5.111253019270395,-6.484514926802978
2.6326690366945185,-4.841241785305927
4.115041173838221,-6.409612438377578
6.069734573248132,-4.566857737515313
3.7284999789781037,-3.487218790762729
3.9154368177091827,-4.957988347980512
2.8378206876283523,-3.6762808260424
3.7828023306182614,-2.8703802543576695
5.140676730990008,-3.7458473520586066
4.2280970742925605,-4.270257609294884
4.527814339718466,-5.5912037549639235
4.425833388896756,-5.849928826158724
4.823799193578656,-5.543248803152336
3.8889143011343057,-4.428503166627518
4.255430372317289,-7.228529268377274
2.9198339729051295,-4.401541009198599
2.372510391959921,-5.582574697987114
5.792521294028464,-4.923758699418166
4.388613460138687,-5.30545492016637
3.7492433892364034,-5.351574052864055
5.08478231816408,-4.509629121027432
2.6742915913347636,-5.596855294862139
3.7993743849337918,-5.9693154431432776
2.426448020453182,-3.470943119222105
5.153496315866817,-4.4710575798135
3.9254084890199548,-5.508391646397504
3.697498058066114,-5.615108291381728
2.9369294328274487,-3.7697514375414856
4.898984473398326,-5.921308925699571
5.210039571846531,-4.7373854059855764
5.194694059242416,-3.9391850100943504
3.3654327451992367,-4.227269383632076
3.4095780536052183,-4.931680697121678
3.439419208781334,-5.815325497944475
3.993453378629528,-4.611120354786507
2.8006367129957463,-6.205736534613994
4.760478031869134,-3.816464690982464
4.533514931982158,-5.085967930144134
4.048439996550787,-5.266540400077988
1.9561246610435528,-5.415748734041139
3.601331182348045,-5.122855072888649
5.8944659278109715,-5.030764629717008
4.827171844964026,-4.915764536355935
2.60143932843071,-5.250348164068743
4.126968949638138,-4.033117141002936
4.0245530182244424,-5.898211414976181
3.6100163088320407,-5.857823248575778
2.983228973139061,-6.317707366414345
3.601625824385502,-4.071756539593926
5.672022159364108,-4.726562232994346
3.998124491425069,-4.270543039154642
4.770530835478885,-4.425660734118961
3.615514149008751,-5.631892127479477
3.418911130640194,-3.283508548738431
4.800650954295283,-4.628839903798363
2.961831282395356,-4.319354924381513
4.829134019010469,-4.529582906401925
3.5818768381870476,-6.426958585355467
3.490691045017178,-4.523439162725777
2.5237582874873215,-3.5295365644504777
3.639801198042411,-5.911907672008155
3.9202793091241657,-5.550003273147289
2.3794476468252217,-4.310570423425078
4.355513520356327,-6.443053504286856
5.434937839417608,-5.331799760950154
5.159222308248788,-5.150542191203914
4.096179770434917,-5.938498574425672
3.93192122611819,-5.037411360738453
4.044320043948159,-4.799120092285541
4.858501886544983,-6.547241076359899
3.8942161797208983,-5.291805420364756
3.5793073653336718,-5.411566407318845
3.413114927060881,-4.002945065230355
6.152560149857249,-2.353445160456123
4.769989857544237,-5.811792715195219
5.113876651808221,-5.118631921819625
4.110497694447077,-6.782558940160788
4.742770645672161,-4.686818722358648
5.336981223207197,-4.561964399135181
4.152529394546299,-5.003471423247403
3.319330803038933,-3.998883449776858
3.794176455326033,-3.372333216144293
4.6601701380827585,-5.1364951957869405
2.858269123630903,-3.952293450067332
4.416438421726729,-5.1728840177006035
4.57224058245209,-6.771652174604491
3.423399086199377,-4.685263546376713
2.7060715125871946,-5.780398449923206
2.3251756831289865,-5.593452788907542
3.1690007172527754,-2.839245390913962
2.399299276042897,-4.92425517974439
3.8619888678483756,-5.411253865982598
3.5939342773058867,-4.609558486639797
4.595561667246619,-5.8144580044533
2.679237808661869,-5.153757134312109
2.9189499798384118,-3.812052068891516
4.07160255003551,-5.10502244307942
2.8498570460348294,-4.3134517581055185
2.664655021724906,-5.251458802193347
4.46799717881668,-4.024848725460802
3.178282302371692,-5.873480273520372
3.5916930862755976,-6.472740214787036
4.676069547091712,-4.891516585694654
4.400417730086735,-6.64187080890048
5.5940474399363485,-4.722213186322441
5.0785537547888415,-6.193311034298426
3.955403838406493,-4.639309991137199
2.9064493007809675,-3.2660515938542782
5.826111017951218,-5.280484560754102
3.742799764655787,-6.184312269499541
4.377397238070648,-4.854946785649826
4.114765317543344,-6.554013014971705
4.92574176440369,-4.909954121305535
4.994626540436386,-4.438562236250252
5.25679452459242,-3.5816276517490335
5.043913469983334,-4.771087444723458
4.1260991196683605,-4.866384780084425
4.000075640184781,-6.438006153071407
4.16352685175548,-5.0461270372687155
5.188718860770496,-5.663759568473082
4.436393266457963,-3.6912425344809163
5.544759470989787,-5.293973947553733
4.13413601505341,-5.352150992998356
2.953007612560932,-5.260717632451247
4.332094430334079,-5.317294408229322
4.226248804959742,-4.215361897658706
2.6011013189217733,-2.662753270607248
3.771478133257706,-4.121792726960034
4.148150679475719,-6.05725696326331
4.649534186918856,-4.716539250582328
3.072801394101281,-4.497842016271871
4.568501566013205,-4.717049678236904
4.401435393903352,-5.91924784792981
3.356721264884962,-3.614895145510066
2.3141736317956574,-5.263080790954005
3.0142441858029976,-3.3832979084491734
3.3950681698477236,-5.827034969141662
3.7347968458809255,-5.151979785813254
3.4394882765490036,-6.987938602800996
3.5882838405837387,-4.8492728495776145
4.875940886217804,-4.589577481188018
3.0081689088558727,-5.187340818554051
3.619133011859505,-4.689323263330982
4.731734125479177,-1.8702562469277195
4.059428078882493,-4.522388882575505
3.7980521290377176,-5.011771513576306
3.9565624637396968,-5.668937977161552
2.7445753817759293,-5.135273134685252
4.617438353188302,-4.74704855825936
2.954525680311998,-4.890553002892059
2.922704675717366,-4.155950927010349
4.2656351634086125,-4.690625255453487
3.891906312448771,-4.586157713776954
3.0197047027804635,-4.3444182915607685
2.2911010650525694,-4.910267164722455
4.016473713346391,-4.332393533343339
4.181433103677476,-4.885425124255283
2.6354278905240314,-4.495398496570699
3.8563300344635874,-5.359646052701828
3.2493245786078613,-5.2032472279643205
3.9871268914863056,-4.085166754575889
3.64484897748525,-6.013593460011974
5.429293467718692,-5.930874671140193
2.4159162835858483,-4.3002973418609365
3.2670161939412825,-5.6666083500562054
4.918109651784915,-5.282221121686299
5.521308198704166,-4.707268062704897
2.4413556421327574,-5.474568517560135
2.471813324750194,-5.516185809294022
5.482069424321477,-5.478039385254181
4.2398068629548336,-4.787234063484385
2.869600656377381,-6.416249248805845
3.279972357964432,-3.882194693923036
3.109913000232308,-5.686099970909443
5.997906753943926,-4.117207987418047
4.497566663990354,-6.681688905385637
4.352756745964401,-4.055562244534026
3.4317524352937134,-4.172974080788134
6.0731437715746255,-4.895767689507645
4.693302851820149,-4.758780519755096
4.735195652703485,-7.262519690743212
4.235579190393248,-6.416057372503454
2.9354277124481736,-3.3784244042823963
3.5081521789111862,-5.61843373050066
6.375348208652628,-7.053598601253315
3.8224438734628943,-4.248710739729891
3.765800362620702,-4.485148519948549
3.110608221487369,-5.326041678846653
3.521175206423799,-4.396913792167951
3.372116790554263,-4.842961579805594
4.633635989846952,-3.7833518390489607
3.1095319335963394,-4.288971652180704
5.660100241568388,-5.41721569804316
5.8615720284258135,-3.083429843290939
4.5903075606749315,-4.123690761949487
3.8900038528647203,-4.684670352960843
6.136593982794592,-4.423575593095626
2.3470111172866917,-4.884740948279491
6.168143883771618,-3.9189734172612223
4.051245360451134,-4.994360173158147
3.2708654697735122,-3.9358624596247087
5.089654223105935,-4.826045072006382
4.251045323644669,-5.020608779917726
2.9654071797848696,-5.241675497912784
2.8148201051307815,-4.226309727726774
5.813571165369053,-6.544516633901294
2.7481585536955193,-4.300099661398683
4.371166024238925,-3.3705918115334597
5.0410303882251455,-4.757422915261898
5.412973503879196,-5.6511848691949655
3.0720320071976484,-5.459053721555294
5.085701099567718,-5.586228374270727
3.672993126428084,-6.191724238988575
4.6417949873796225,-6.177726211995868
4.342998177241186,-4.9709928282169855
4.0257380091637796,-4.472270942720071
3.390946189026551,-4.824114439259681
3.8174490090520545,-5.78870606148377
4.04419849993583,-3.0059458070642
5.552607292868241,-5.616833086814539
4.622567758732242,-4.127347645348181
3.394043630739594,-4.350601441387537
5.094898330851768,-4.656649016329002
4.826869243335721,-5.6017870315249025
4.146414559584702,-5.0912570386628015
4.209180848163419,-4.915939777006183
2.5805464820297046,-3.8630878769408836
3.9281649318053224,-6.336345865856488
4.253411867679179,-4.8782013017395
4.1489873422502725,-4.813130185762832
4.756704539812801,-3.659996974950521
4.36276564856866,-5.790025130080655
4.824377265218074,-5.505989021567042
3.4160514719264587,-4.912533746697157
3.0639893562967364,-3.8134933804687248
3.8199992428459617,-5.554822532332213
3.5081818090913015,-3.3330252542377425
4.283042951948869,-4.387935627826441
4.115114425728749,-5.809371401543811
5.347898032770865,-4.855222482339557
5.545347336654892,-5.058112956098779
1.7872436174008293,-5.405023072273033
2.292730903883582,-3.5909782917531095
4.725425993721552,-5.02460240867899
3.601922496677667,-3.3523561271434383
4.70519855860272,-5.729526175758236
4.05064083559957,-5.889236896671493
0.9501855187471193,-3.2167508062618455
2.8246780742961333,-5.99212271588078
1.866545215852319,-3.9064889015216657
5.998082658857227,-4.950063991942863
4.568438248552687,-4.356674799567028
3.7091945227598475,-2.7851850856689566
4.8686323387225405,-5.680852863001947
1.5037402088618559,-5.570956267442014
3.508211703245997,-5.629224336952012
4.8824891222264135,-6.637397582963698
3.4706337340688194,-3.4439906735635173
4.418883976453148,-5.696418716158277
3.5892066908575235,-3.382835778808621
3.6995508731750175,-6.546982526196826
3.874148273388219,-6.065823075735253
2.941397374915633,-4.017441141319627
6.726438323384393,-3.7521572911271415
2.6861864220874443,-5.556260760612181
4.1841878715151575,-6.4650396529936245
4.900924157992492,-3.8092353444083176
2.846597461626957,-6.9435358588307885
4.182908149626496,-5.460909759338849
2.3647318686065297,-6.016572113961874
3.5986830516857204,-5.421696550820897
1.348454438547018,-4.186988611911727
2.32489576563757,-5.543534907031161
6.83441897387822,-4.566865116316188
2.8800260538516858,-6.904857267962097
3.216844503136442,-5.053352520618041
2.6051759163842627,-4.176199709325532
4.455707692316522,-5.395693332337498
5.877046671852812,-3.9806890055291615
3.5131156230134586,-4.760859909373128
2.42935182694966,-5.621283641010214
3.1232935244754354,-5.193435039076559
4.280965305280842,-7.689874192990651
4.721950773842687,-6.037205560317135
2.5422480309730844,-7.252942148304054
3.6919526730681573,-3.4231031376554863
7.115107136431909,-4.636480513828076
3.075796208444298,-6.302342820924255
4.541989177770072,-3.782934650572183
4.795160215167588,-5.8508255681289
3.532449585972721,-5.666477126249329
3.1844077153168624,-4.623836505443607
2.6862336699121694,-5.919534846580672
2.721799342674995,-4.980459045264339
4.338874526118983,-5.019186256433561
4.474541510029406,-6.3854497825883225
4.890540058726009,-6.421116475720576
3.5493716113437106,-6.059056603024372
4.586764205876834,-3.797334459992186
4.230907803246512,-3.634180543548906
2.879703787225078,-5.680223653547993
3.374195826505642,-3.5048855341202163
3.299861852104418,-4.400533684979427
5.843035587500293,-5.121616037205054
3.978930316741995,-5.425072288209156
4.368693891254527,-5.011678622874608
2.1373923495978318,-5.111882530763699
4.726775173937302,-2.378620036995604
3.25429571117869,-5.096069602112714
4.402283645684936,-4.537831173762836
2.693360744730915,-5.205509806519077
4.156319515244734,-4.813957141154414
3.013023554611367,-4.819088449347284
5.431369743920414,-4.4877045748293805
3.263134760673156,-5.7259182500493075
3.4674443649579536,-5.547848920230093
3.6977991627286655,-4.56708732387949
5.576834698963974,-4.43836179000314
3.89893587142779,-3.784378683493375
5.177499257885462,-4.19012215343772
3.170187499087734,-5.149506618652445
4.398204558578583,-5.247761507974917
3.157425229134221,-5.807918931144263
3.728428955414937,-5.353977260040819
1.6066035550548556,-4.715265574306092
3.930925229473146,-4.706366168422678
3.4353201119830645,-4.63780341948191
4.443031437586538,-4.430433176188171
1.7187846492065133,-5.378956272253182
4.920221682883414,-2.0884579386367195
4.364586432183421,-6.202295705633564
4.627005426716443,-4.367202692356579
3.9432379993210986,-5.123415106569457
2.88046310198708,-4.694231592601667
4.671256402976366,-2.7059898382876897
5.765020315041847,-6.091291320995916
5.517298485816545,-5.770587733464292
4.110206666917373,-3.5089733871257383
3.6548326953208705,-4.41517222492055
3.4875502332172608,-4.690419429666328
2.4832624696538836,-5.736191081651779
3.7774491357054245,-3.552688523685228
3.303033390637705,-4.08438852657006
3.547268992975431,-5.621614939664504
2.344497878382821,-4.239422399928785
4.699026425638904,-4.3003648943596575
3.291789374780093,-3.788507184252216
5.080547222161671,-3.3141666771788287
4.23874914887967,-6.185510689783986
3.685495639591431,-5.5015446162414054
3.0702520437612257,-4.048675542671688
4.606072254545951,-4.039927932200415
3.2729774881229123,-7.436918793251007
2.3763028257143644,-6.825105127343552
3.0672024896727725,-6.776519914818303
4.089873359832561,-5.286091975899917
3.696982251678127,-3.8890850221935205
3.7508095972761275,-5.845999294651256
4.360110533125308,-4.534286712705686
3.5208829449525583,-4.388266140008768
3.8638161757176914,-5.723727274636389
4.193694942861896,-3.654825290128729
3.1160604290602176,-4.365840523951375
3.3551363515651387,-4.312659573178246
4.371634757249978,-5.28641547142037
5.6278361968011055,-4.696346856027185
4.05437607395851,-4.957783613535481
4.4746507895074945,-3.9415228188638425
4.323021109650877,-6.562616382401803
4.651147178905783,-5.405624715801842
4.895387525505944,-4.416642714342439
3.3941772099231247,-4.938223314749107
4.811706394283248,-5.792255752435153
4.140348166665637,-5.48950370736395
4.093344557316668,-2.7099367346768948
5.285882696119982,-3.8272472208642867
4.248989540689587,-4.361485476335451
4.0025923126584635,-6.646599174919958
4.301436418102778,-3.504719523544322
4.39469253794912,-4.672626039779752
4.712749877706167,-4.704253851193974
3.3385504334507483,-5.613149940627408
2.931123533219648,-4.180101246209432
4.384840236654975,-3.9466718668050187
2.9268785496111933,-5.484701016873866
4.868347682339918,-4.013308965675898
5.93639969922523,-5.140399988415567
4.039590180874535,-3.5900130536179224
5.2847735140276715,-5.949915716973355
3.502572486591864,-5.38852960670532
3.1423402619979237,-2.952651951212347
4.681435230325594,-5.29217207122098
4.707541633229139,-2.584909328498144
3.298406774808509,-4.575550469448999
3.4273420012465827,-2.0771984959438003
5.031931073342345,-3.941797651533864
5.0618730905189855,-4.189394470121746
5.7687366308129855,-6.1973097664762005
2.9891175370863667,-4.847086062660002
5.666505733165803,-4.187128335131766
3.9015868353771426,-5.809606430167786
3.0092398371151736,-4.38289233782853
3.32739430975434,-5.745421627478608
3.1928628850902143,-6.123930431306748
4.491620819120703,-6.131295858797957
3.9308485873722385,-3.6101196700739253
3.440771442035557,-4.721525667685503
3.6400262394455956,-5.164864005643421
3.0175381903928895,-4.501830857535053
4.056294321398965,-6.7452829988893654
1.6113919715053773,-6.135526802934868
3.335815971401812,-4.797252231801976
4.724142520295777,-3.0758414319482554
4.414315708623704,-2.7310712856033073
3.9004656134625257,-4.398911857522693
1.365791417694708,-2.407427731273378
4.376101322997199,-4.394994648275009
3.1707713641752258,-6.812126570570561
2.0280303372367685,-4.532530341840878
4.815738772912173,-4.7900514757237875
4.476261861151085,-4.724119342314606
3.84558628201876,-5.185890730187341
4.456792044431179,-5.487731838795327
5.080569375435002,-5.3649404463709836
4.2728950423352146,-5.046554253711995
2.3488514030299106,-4.058799231457796
5.393798159066434,-6.294046874874579
3.3446886033903147,-5.0259689642041
3.9824467247240816,-4.765545695600556
5.286435955916571,-4.559470252796437
4.273697972641824,-3.1283594818618017
5.389826788259098,-3.9613805943302074
3.9025553731789526,-6.282194748505953
3.074748790958562,-5.244267052590419
3.7082995547217132,-5.07329347450135
4.558832637638001,-4.2950927326752275
3.0714401088092487,-6.814765268061048
3.181105257321995,-4.70622504383021
4.034516210473714,-5.1051920447116395
5.6790729105906035,-3.47342332309816
3.016190802142784,-6.129730426388643
4.002097081567127,-3.841068114201433
4.413979933945945,-5.336907487841386
4.0438228081149274,-6.424169058573489
3.6093633933511953,-4.601383403041094
3.605822531921708,-3.7984157405377488
3.564033039467696,-6.885244600623002
3.81591370744789,-3.364159393591285
5.865286111644557,-4.397703857416626
2.4864691699449857,-3.822752687362124
4.863417529435062,-5.294826144091586
4.787992843372617,-4.135802882861052
1.5268463864598045,-6.080899277736409
5.255095967384597,-5.77399977637233
2.9114356541215605,-7.037412339563124
4.047733768393531,-3.9837657384113947
4.390074014789049,-4.1590911502070735
4.676284218716693,-5.335240838410633
4.6786145146899525,-3.9493479401996066
2.8392204041434113,-3.8006975925140685
3.5542864798874803,-3.5001735435966426
3.781857087668602,-4.6246868121794815
3.8909666788652406,-5.3074043065615495
4.454528686221931,-5.096223281661643
4.9733182433770535,-5.124875636478933
6.1556963993874945,-4.222179282360165
6.112913236320154,-5.067403966207042
1.8952138723549692,-5.087927651463175
3.113033572331788,-7.363394279064661
