,0,1
0,2.614509092033135,-0.3517812845414587
1,3.2942812428449932,0.7103056916513422
2,2.8950123868660533,0.05510889652081562
3,5.375020175098087,1.3057735723759178
4,2.5938253519778947,0.10310352885814716
5,2.887065520618774,-0.012719739680057428
6,2.7827041265999153,-1.1153478500055205
7,1.525351948342315,-0.6937249310759718
8,2.1896865263359606,1.5521349648614984
9,3.0875113863889028,-1.0345627720243242
10,3.535519208403566,0.29950817184874456
11,4.111517789659255,1.6213268833668417
12,3.6863882895629176,0.8350818008628342
13,2.2922989007858092,0.5244262573409374
14,2.8263421545284473,0.3016436201544889
15,3.493548533831024,-0.8754739605991969
16,1.7131853210737094,-0.48911541015121623
17,2.3382168741769744,0.5726556045488062
18,2.326979541741321,1.7735191669026193
19,3.101019934608581,0.08953343263851167
20,2.818723872161678,0.3840901135193556
21,3.413066063471372,-0.716971498519536
22,3.738647694630926,-1.1380450573373704
23,1.630431592183868,0.06548983665807236
24,3.0372858602263504,-2.1088740415340896
25,1.5693105519368353,-0.29353246826178875
26,1.3240619184869165,1.8515489004282553
27,3.844596653820449,2.054712452755457
28,1.8819406126487723,0.14379309918987487
29,2.767028447110411,-1.6080599808983727
30,2.8634226111605705,-2.24806307351903
31,2.6573019224484353,-1.4015435811307724
32,2.5916456712146814,-0.3479738078696451
33,2.5352542473574644,0.08458873561171537
34,1.9056692184030537,1.8946924952496917
35,1.9589705547931486,1.3763616088308073
36,2.7984285987113466,-0.802442128318043
37,2.634312403159097,-0.04714286328603959
38,1.5197778125231962,0.13054811140279837
39,2.6383383005291563,-0.3261941078607384
40,2.711459939898239,-0.2376560603856968
41,3.6763748096976765,0.6403665940386944
42,0.18494150641538767,1.6381720547567464
43,2.613381816920309,-2.1514522105858354
44,2.7664732451343452,1.1537337868580912
45,3.0251763373134564,-0.8789598803339127
46,2.412060852244088,-0.5873094642181216
47,3.0241757972585974,1.9351313890599875
48,4.3132788468858845,0.7103409506770889
49,3.4927217859722184,0.582098409663656
50,1.7486066758002208,0.5990682587314725
51,1.7789674088447869,-1.417930725539784
52,3.4066468503590843,0.43291376378119734
53,1.9018569594391417,0.9949626304171353
54,4.0370252633858295,-0.1468259225379929
55,2.6683391922733732,-0.4860178622575911
56,5.291069961331474,0.3091065849227626
57,2.6766911599104746,-0.551750771916408
58,1.6999002387636835,-1.8015335766647347
59,2.4347037646592846,-2.676256095795375
60,3.7846290762832564,-0.126585793677615
61,1.177164161064198,-0.3462967431723969
62,3.085694441738219,-0.2618131554871488
63,1.6170124736133826,1.2529493708994375
64,3.9816396945483574,1.6320240290264096
65,1.8801944635011127,0.18346666953671795
66,1.5423116374733732,-0.23209924406061613
67,2.7911712324092233,-0.6024361834901081
68,4.555944830596161,-0.009696189852333757
69,1.75605002049086,-2.2540237251658386
70,2.810769757355219,-0.03337548030992656
71,3.237359755460595,-0.37737733240311705
72,1.1098556159469746,-0.23289797154260453
73,5.302817932702203,0.47048598213660714
74,4.392009255947457,-0.1115149464050018
75,3.1820142126298627,-0.6690296458514522
76,4.839745512825409,0.0903834625534706
77,1.261748835804379,-0.08103074192183152
78,3.741745478140905,-0.11206475262741984
79,2.4212010403947715,0.026135374200279185
80,4.943149692995234,-2.150180167115797
81,3.4181974266381165,-0.3363728832432844
82,2.4247576216519717,0.9259403715115008
83,2.7552992425166742,-1.0602075832240432
84,1.2778045549124246,1.7775359673726843
85,2.3057105611813666,-2.341700244446624
86,4.157135578728808,-0.053263441469831446
87,3.120301730280559,1.342673220695481
88,5.201594245688089,1.8195706019303193
89,1.5831513760894103,-0.5948084266914974
90,1.4203811042377048,-0.47936021161440734
91,3.7943644467687685,1.6115313004307743
92,4.088049666356995,-0.8178381715597438
93,2.3406457178049633,-0.24134978624214432
94,3.0051780256504794,0.00014655326773256274
95,2.572375249908269,0.6921823093919623
96,3.381209108032819,-0.24297528706787994
97,2.9358837923215546,-0.5594939262934951
98,2.694565595083275,-1.0503091903586372
99,1.828346263427389,0.2574348222634138
100,3.286730221735957,1.8075690730160385
101,4.534573744676006,-0.48972482336119927
102,4.673420218796949,0.5566382930983766
103,2.9030796556619167,-1.7163054896097636
104,2.5170682989729345,-1.254311024134117
105,2.4758561555097716,-0.2084905536503192
106,3.937607710974072,-1.637639492935055
107,3.5628294402630423,0.3819336935310216
108,2.4979646148440784,0.990820294544752
109,3.4319598747453246,-0.04674697978451778
110,2.2986744047162944,1.554465576387439
111,2.20625739801302,0.15539383831941553
112,2.3476073612783424,-0.6100944513867032
113,2.687328306438907,-0.3218147553872221
114,2.7865954916841806,1.4018623802935057
115,2.000818717064968,0.15558281990990872
116,2.80811651934492,0.456869705366777
117,3.0379663906414134,-2.5389925441608017
118,2.9428778377509563,0.8189065051398899
119,3.855394761857002,-0.11498028054704208
120,2.6652124838073132,0.3380071680275832
121,3.031535803169072,1.3437652942828302
122,4.163774323715597,1.1256765064903838
123,3.9417346437193306,-0.801236924256887
124,2.043188279835032,1.5448931876752805
125,2.568526539768293,0.03435153862484619
126,1.0965271229145515,-0.3909480055325879
127,3.0800770996288156,0.4983531946335553
128,2.5863118753661407,0.22425692383650672
129,3.0273420075710358,-0.5024622624629055
130,3.5148112896989527,-0.5917816650113885
131,1.8791808088471005,-0.14719406452202338
132,2.7376656205776437,0.32151517819610015
133,2.1918362021385303,0.07732475477341823
134,4.236557791862591,-1.1903771943652268
135,2.5845586603262567,-0.6485275584228476
136,3.127174548795119,-0.3858321968019733
137,0.29011058090885095,-0.9824912530458431
138,1.4504382972404108,0.7479212066448666
139,2.58970604333595,-0.241768564658092
140,2.639703058661112,1.1526092478858558
141,1.5702975088882776,0.22823610460595342
142,2.2594281483668013,0.978575098549367
143,3.0860258741417317,2.3375391437562314
144,3.7957106840353374,0.08331656873269852
145,2.713633345391698,-0.14090123644886626
146,4.915893197321016,0.10688220057047053
147,1.628632933367796,0.575947198165052
148,4.018541434933845,-0.4989209896969042
149,3.2706909311181365,-0.742612678371943
150,2.5098386268238415,-0.5656429317816726
151,2.2427556889850875,-1.0173086126153377
152,2.0649546535850667,1.2678551685430655
153,2.987701429589391,1.1174867694188226
154,3.376599344390189,0.46991252997099203
155,3.6511987316207812,-1.8821357379963042
156,3.228396646368387,-1.5284908475162107
157,1.0924591990547012,-0.01864286670816601
158,4.0798542283749,1.130254759283099
159,3.269610474430141,-1.2423693698691436
160,3.882715632513294,0.5706940973146102
161,3.5526405221131916,-0.9198578598714792
162,3.0750208707187476,1.0493508170221548
163,2.663573976178035,-1.1144239719334443
164,3.112011681685848,-1.0304339698425617
165,4.717154778418813,-1.0927409160445685
166,2.843266872803213,-0.7849878958630117
167,1.0503696332883532,-0.12046677266867813
168,0.9272198170448319,0.49858696240297873
169,3.668480294825085,-2.035380039651893
170,2.419487074012002,-0.09039257793401333
171,3.6481961349567436,-0.027485134783860034
172,3.690854534469737,1.686637865351817
173,2.7241065395592545,-1.2376847690741624
174,2.0970605206981627,-0.7159258710587807
175,3.3901472981201644,0.7202341734668515
176,3.6351971472779887,-0.6594308224973529
177,4.371758663339683,-0.6818697822288178
178,3.80624174255397,-0.7959568861803337
179,3.0782124717684,0.9062103648383685
180,2.342433885808669,0.8554007441546443
181,3.1162066003724713,0.1440092958751091
182,4.3605262301183485,-1.931872440423621
183,0.9190157903384123,0.19883330685904546
184,4.135634847999263,-1.3073725589457148
185,1.7831815656118268,0.1638168412368556
186,3.3931437797461474,-0.1344746379918338
187,3.6588257545947735,0.7655983701220013
188,1.8017904547815753,0.4546831021146726
189,3.864934162109167,0.8805612164752662
190,1.9916735964530208,-0.11305833944065537
191,2.361322220989642,0.09452998289155197
192,3.844461217933989,-0.311582718431146
193,4.170338123957164,-0.4623329539801765
194,2.7041721708183784,1.3104990107598722
195,3.3401070220817752,0.35828365963835285
196,1.6017696940416912,-0.1403810284785958
197,2.49595921902596,0.011009551815860929
198,3.5972797099154503,0.5102139180472797
199,3.3460328591081336,-0.5301811211757675
200,2.9992134499766268,0.013458306484164786
201,4.408320155607025,0.3105364632024939
202,2.799127751453494,-1.652780497721089
203,2.35219252969176,-0.46427293929869123
204,3.568373935416983,0.9613488613304737
205,4.404622276020631,-1.487614974571797
206,3.620045664252793,1.223104657207182
207,4.358705888060903,-0.6621286181250395
208,1.753631879482727,0.477737567248232
209,1.6766587325268973,-2.089992695314012
210,1.0861619555702422,1.167205652287956
211,1.095221748373886,0.9750250551822922
212,2.547422524368558,1.2480645051443724
213,1.8069811303692076,-1.6886737702402375
214,0.5592362552371828,1.4660043250499235
215,2.7783084342015765,0.6796189438014114
216,3.7285028795965753,-0.024713779823864527
217,1.835428654427367,0.82803775066358
218,2.3223643666431246,0.8154235628204207
219,2.634125550647583,-1.22225442225796
220,2.488920241823387,-0.30893332671795626
221,3.9319178181743935,-0.9920394883938283
222,3.841398676646171,0.9453125414180882
223,4.018440078250532,-1.5996442527927015
224,3.7826222122370425,-1.0872688325076525
225,2.5491379952535516,-0.6377533350605901
226,3.999246638584611,-1.1862017478504583
227,2.1844665483124635,-1.3520340403140934
228,3.162134305628032,-1.0536250318129876
229,2.3010917270081874,-0.0958894367340826
230,4.041019719433228,-1.038199260577789
231,4.283636727916957,0.9851193229730587
232,3.937996416962955,-1.488291547005427
233,2.8799419434786904,1.3196666397138994
234,4.869909321439926,-0.6274757926547943
235,3.3149398035173077,0.7001551033494464
236,2.7672692837723893,0.017312657200571333
237,2.7588097282428055,-0.664909198754332
238,2.1182846879469333,0.46959365389858265
239,1.460671668302928,-0.2050435999072989
240,3.81184504336709,-2.7602171088184946
241,3.1205202576962763,0.7750743730631109
242,2.4111739170919884,-1.188708181332903
243,4.521048153198978,1.3137899152341204
244,2.527509992059273,2.052766685497872
245,2.313176421334067,-0.16809275450763597
246,3.6449158079583253,-2.7573815224464084
247,3.0024821151285317,-0.0675450348652663
248,1.6141776956033613,0.011065750920416595
249,1.669220912281369,1.4795068932967816
250,2.967234858005716,-0.8961286989476949
251,2.6520352137968604,0.38510835386950487
252,2.6357555252445333,0.10513712814926447
253,2.880997487878148,0.19907649746025946
254,2.603863016408138,0.6976048755344969
255,1.7464331822200054,-0.8756582050922819
256,2.563162275736529,1.6414841312366528
257,3.1451824086442586,-0.24867291536058078
258,4.251024624220004,-0.15305407301691548
259,2.011893096019038,-1.5966657393002748
260,2.6125865359169924,1.3124078017893506
261,2.906958128167512,-0.5167205679481874
262,3.3878245904427464,1.869404176688756
263,2.7878820705093452,0.437795914112386
264,0.6557096626764343,-1.4728757064588274
265,3.5117597787649983,-0.4878836917510481
266,2.734573297461343,0.2889654964840258
267,2.4606776917579194,0.5386197376995162
268,2.9709201214783088,-0.5159122962613282
269,2.7466202002513946,-0.017838095999915236
270,3.745308086165508,1.5569666987705788
271,2.7503399660419254,0.2258323800031335
272,2.890530522509926,-1.2101973069129344
273,3.1345432524128136,1.4860014447407972
274,3.1178011658148,0.3584280543902086
275,2.606176252968777,-0.7636441828937094
276,4.5677496985117365,-0.15667810095090248
277,1.744934042764723,-1.0214400730010365
278,2.4213309834776444,-0.43835523414428557
279,1.6249599902540663,1.3560416604505667
280,2.6005076390481823,0.9275797489534614
281,2.476782607246693,0.2936374207594195
282,3.0427892152566014,-0.10239285053498799
283,3.416497297311795,-1.1684681427452708
284,2.2033857926330285,-0.2481397858115953
285,3.7033631956740596,0.040525573749798205
286,2.965615504580732,-2.2234643170296624
287,0.8206344911838881,-0.8361982000030141
288,2.9867742831617554,-0.40737428968122485
289,2.79409262522307,-0.012161076020840912
290,2.429552543972071,-1.389609834548184
291,2.580623143419654,-1.8811320394087507
292,3.286624546112094,-0.099515589995986
293,2.3571078586819145,1.395777567053276
294,3.355592676937235,0.4123606426839975
295,3.181822493761062,-0.22162898239013734
296,3.530377537322955,-0.14554053134484088
297,2.3890209424397706,0.6663578289020553
298,3.645148719220345,0.7172556611131006
299,2.0430282671578803,2.0688316684111343
300,3.4720912648885696,-0.3221320161753561
301,4.6629034286076285,1.3391617812215149
302,1.6192470241869628,-0.21018273803766807
303,1.9365065430238921,1.352434580164846
304,3.030384563583847,0.7726993939525144
305,2.9750575775802472,-0.40832249315934593
306,2.1060053270449566,0.4543755309373265
307,1.952472984846559,0.14282664010456328
308,2.6179038610591134,-1.0239205981255233
309,1.832831897891554,-0.16736448604965093
310,2.9327351218050315,-2.1146652788488667
311,2.2729114787610962,-0.18630334010152236
312,2.662859606282934,0.45516615846891717
313,3.0732051261012234,-0.3624670081254993
314,2.0534394194839427,-1.5064294974012429
315,4.294160394169628,-1.7842014511619992
316,2.4147031721886143,0.9633889931894937
317,3.735795910024084,0.6496809079374056
318,3.051799414510186,-1.9430810071006182
319,3.9203971162394717,-1.885536233937605
320,2.5517468390494775,-3.3147481508675174
321,2.4772738407721504,-0.2554167866991125
322,3.1934359169460684,-0.44235290090005264
323,1.9157866966229888,-0.24023375549643955
324,2.821651795445597,-0.2139362385075128
325,2.807694511726806,-0.5828584110610934
326,2.7715768399938545,0.6708387678620458
327,2.0559981957182214,0.6869306183420617
328,2.731309530899747,-0.3993456530827243
329,2.326143441881931,0.6317647109114284
330,2.2203727509084956,1.1994827134215313
331,2.2856562014498585,0.6045861311401655
332,2.884644872282474,0.9195140951313955
333,3.802476468502544,-1.2731042011821936
334,3.6154246474077105,0.5590261655018792
335,3.1387081112034396,-0.7481901977492509
336,2.71865163732255,-0.7328745428623374
337,1.8085035734944652,-1.0548401084184067
338,2.048422114703759,0.24944400753991325
339,3.1068117766888754,-0.07377706197308484
340,2.1709179981686764,0.08465836118873414
341,2.9845726410029596,-0.9081354044361252
342,3.056149256169483,0.42275489933721444
343,3.8236703298001715,-0.9836053465054932
344,2.3577829157749215,0.8484087546562183
345,4.389838939675094,0.9305599343794883
346,1.773170073466607,-0.5169340665418001
347,2.2200453039807786,-0.26217511536086524
348,2.2220028187324092,-0.9124673162755347
349,4.204326228309766,-0.4902802938562028
350,3.3001206290461753,0.5646832934201762
351,2.9257744705474993,-1.0508810688247818
352,4.60248037369876,2.4636893623412424
353,2.0257413523871426,0.3973476153164887
354,4.064456231670039,-0.8011667433160823
355,3.2016753580263084,3.643869149706666
356,2.7088016339835663,0.4463676953285407
357,1.893417289565747,-0.8291767453292839
358,2.403460252437286,0.43958907598300373
359,0.8425701007598813,-1.5979406446742987
360,5.358396869734009,0.23340423291339463
361,4.259849771722591,1.5666169430994312
362,1.6760490002902746,-0.17091664934855014
363,4.043852829966572,2.2698888937628436
364,2.049258015863523,-0.3465804042437307
365,1.9248895504799834,0.6906233319250153
366,1.9390805895284224,-0.504674080414793
367,2.3695859955909655,0.7832317870215473
368,3.3613831809388808,0.4177468304685419
369,2.394605582984039,-1.3919307089741493
370,1.8273166996726082,2.2314632514551853
371,3.876133305870549,0.6897187784424669
372,2.4035012503886932,0.05365171946914957
373,0.9674508960605555,0.4246230990331187
374,4.750680262823356,-1.2316970647446948
375,2.4686363313174673,1.8348784294840463
376,3.04020718699013,-2.468816714040616
377,3.027903985343787,-0.7811190812810341
378,3.724999596218621,-1.1730953297030315
379,2.873689113408621,-0.08496207779703648
380,2.160212490462186,-0.6092216902980625
381,4.674212152878878,0.6929907007200573
382,3.234505276391569,-1.0066391434082484
383,3.028701307596627,-0.353694440785183
384,2.197417595765703,-0.49961496465039806
385,2.018466878672109,0.8465054348948354
386,4.04018484484873,0.399493107159538
387,2.8032401048831193,-1.386112353403533
388,2.4314455636376695,-0.11113050693041707
389,1.1074767322887995,1.7856180391033858
390,3.4452467616091518,-0.47608729663554256
391,1.9661100670610192,-0.22998391076333335
392,3.4662419043433603,1.029691039915327
393,2.6455044687593086,-0.6119610740805143
394,3.7064079464546373,-0.5117572807948402
395,3.694202643702757,-0.3110545762211302
396,4.145422053552635,-0.24350810506184478
397,3.6985296260164904,0.7269639711042438
398,2.2949343399421873,0.07238609726329563
399,2.768677018612291,-1.0328037703330932
400,3.679264400445284,-1.64926264212786
401,1.2375498471530828,-1.008012969844306
402,1.2851377843692693,-1.0058270528601767
403,2.8951717173697142,0.26787545853804345
404,1.5117968193873672,-1.6628504083847169
405,2.488293750084814,1.4968255097864813
406,3.5043340226570896,0.6528197515498838
407,3.552282544887719,0.535182154477419
408,2.1307614005270015,0.3180780544097938
409,2.6566103361098103,-0.0015749473408949337
410,0.31613815290915376,0.5907116243490751
411,3.002859115006928,-0.01832182167748229
412,3.3733925703968906,-0.9753163491818163
413,2.317799831867312,0.7005960744863575
414,2.502770896662084,-1.9581707631936662
415,2.3704516173578782,-0.7771356936354472
416,3.699952170382693,-0.5466027161324387
417,1.8884197344627576,-1.4825223413437156
418,1.8807678764048388,1.4249755423299086
419,1.4940060827585404,0.07192562783390685
420,1.5956252383765255,0.5705186246582249
421,2.87718311976756,0.03742369464031914
422,3.3656134159149884,0.6657998239271755
423,1.4055497840979188,-1.0584442554634983
424,4.051040507334692,0.5938449614153347
425,1.2719594090557311,-1.3300175857020093
426,4.284388093874289,-0.3889296718685586
427,2.4290313462896496,0.1467246775707856
428,4.768641586075987,-0.09164256839886005
429,3.539542203731258,-0.4954205925048794
430,2.359157337635091,-0.5564992966456039
431,2.9570866401134897,1.7186719223458378
432,4.122672192254282,-0.6083647959596623
433,2.8926395515016146,-0.22668483417618926
434,2.1827828716760203,0.5111574965865207
435,4.140687535887899,0.9943407949165007
436,1.340564964598706,0.22468359490816067
437,0.9837859129486202,-0.7215852615748698
438,3.514068015086122,-0.15134446891185604
439,4.708181881152015,-1.5078415080956278
440,1.7652419749060138,0.6842027390493803
441,2.1367912552857353,-1.1984540355086313
442,3.491794911921033,-0.8603008382480574
443,0.24262657297292828,-0.5531747123986376
444,3.01505868148887,0.0849674300300811
445,0.2773403990997768,-0.275791334218039
446,2.7176354426195575,0.34910418175543245
447,2.276711532497199,-0.7209085722338344
448,2.3112302619226406,0.35703992854126393
449,3.495030327032729,0.6461535846316923
450,2.153068380038844,-1.3562300087985713
451,2.9748302227656183,0.8991261678153488
452,2.9762445276576464,0.5861262783721713
453,0.8841764786100634,-1.701497526227653
454,3.826567909038759,-0.28804689890959356
455,3.5690289427175745,-0.9576732144993213
456,0.6738456579620056,0.27566041342044767
457,3.828550082316347,0.5827569134363029
458,2.4971753838949224,0.23576073707098374
459,3.7595507364307394,-0.674952067656324
460,2.89928695677581,0.8623111221607684
461,3.2602725109667134,0.5453016286634378
462,2.718650896610794,1.138707950281054
463,2.6828522545373064,-0.7991616014465268
464,1.4309231799144635,-0.2580924857845524
465,3.8325352611594425,-0.6318197783815569
466,2.317383524003913,1.801078538962732
467,3.9626835342744777,-0.28614106895306396
468,1.7225197870184688,-2.7695586632536973
469,3.6618727747714535,-0.21650005933732738
470,2.8694640882352553,1.4564810671866617
471,3.7220073449261437,-1.866260657675604
472,2.9600267837231526,-0.7390212704768654
473,3.3021157716039466,-1.1060103751578532
474,4.340988296662835,0.6969895996700008
475,2.5141458473282166,0.3793600184355425
476,3.4783182141724582,1.0202712119595603
477,3.58982354900129,-0.3734480547124027
478,2.71490268630188,-1.2722256952257658
479,0.945099693521199,-1.5139561084112918
480,2.9762872318938585,-0.29550190560616624
481,2.875693761284467,0.3526554565889452
482,2.9068460182937796,-0.2622661177533409
483,3.2567604433073964,1.1900547811604365
484,2.621648596608256,0.3436139372812059
485,3.4797788854397784,-0.03111468430382391
486,1.9055901978094565,-1.0673645210128688
487,1.6518923813481452,-0.6868730576671412
488,2.0829209986324564,1.0907438845529795
489,2.6212582210377455,-1.554954609591681
490,1.8135119873427608,2.4721844492314182
491,2.620633129760907,0.21040880628220776
492,2.887883298558643,-0.9243994207574895
493,4.0120688247482015,-0.11360296729943337
494,3.188696223221256,-0.7246265080425883
495,4.2309390691376825,-0.5477150462926494
496,4.0898833222101745,-1.0414677373873042
497,2.4997888975061904,-0.5171242378939311
498,3.86374083242914,0.8549856703462944
499,3.335332154499101,-1.6096374076307582
500,11.707072911844062,-1.2747921590860676
501,11.39472684704331,-2.06792649107286
502,12.939088246525374,0.571243650669845
503,10.771750506796357,-0.45149037798448544
504,12.366806961210106,-0.03767752228656616
505,10.111949783701839,0.3085754225696876
506,11.377512146808252,0.5949812080248077
507,10.281575568626355,-0.6762447137126693
508,11.631201766134616,0.13754813719144796
509,10.51768958808362,0.4032013212610562
510,12.124950616234804,-0.3656261654685804
511,12.24682443155452,-1.353816729767008
512,11.513440622766765,0.08182801278331393
513,11.550762022044955,2.302922315399326
514,11.683063126656522,-1.1870377774205734
515,10.28210377487518,0.044007842686677616
516,10.99602757463894,-0.7839687618528542
517,10.885257222735577,1.616691680978804
518,10.18979917899537,2.1269642229164165
519,9.799173293597594,0.1450242474425352
520,11.472958877155984,1.1146502894911696
521,11.712030001902457,0.3586030324654851
522,12.433200566149823,0.49791576474116267
523,11.274980644113588,0.13307589751203602
524,11.138254640827327,-0.9911272578385005
525,12.6204349130624,-0.3556695704974706
526,11.52163630938992,-0.007973941804090183
527,11.437137714874948,-0.467663732638957
528,12.466861030896693,0.333875454935563
529,11.96474950892319,-0.9080657489250772
530,10.542942677956356,0.9711903745870154
531,11.392817148014965,1.0829208575816838
532,11.107433342357087,0.27016117420796654
533,12.48941176489908,1.086132130752609
534,12.695612731436904,0.7433023114684586
535,11.10193284960432,0.31758256471672286
536,12.521207674519498,-0.12800446777270805
537,12.028912241154337,0.6923881298870138
538,13.194007540552377,-0.030116017207245965
539,11.569282636799395,-0.595414848568872
540,10.696296432507856,0.7264865164595535
541,11.00188801792649,-2.203757929794211
542,10.783524644669457,-0.46703488503635815
543,11.365970367467916,1.1283145362109084
544,9.493322273752097,0.03898603213058654
545,11.81359692054377,0.06235350893332508
546,12.609185222866438,-0.6996923982336923
547,12.961279918436839,0.7255024334183202
548,11.280451589678295,0.45089336634437394
549,11.993712304351858,-0.8089391364860239
550,10.801511076486797,-0.014073556917907737
551,10.695673836533977,-0.3580294449024119
552,12.133786599336018,1.3861355684097223
553,11.183572283053348,1.097946310877644
554,11.465978961975424,0.6848977735440575
555,11.909708018488285,-1.1894535966292283
556,10.312965547594851,-0.8655255599148584
557,11.759820278010249,-0.8753248387733572
558,11.710950791776312,0.3685832359192754
559,9.668522654873481,0.40843132443857183
560,11.584915934339246,-0.3357260269513846
561,11.86857922805991,0.9974868915578285
562,11.129774619468192,0.6761520601511543
563,12.558439056059465,1.0908791079193707
564,11.123856668192264,0.8656132714642921
565,12.748302087649583,-0.006154351555909937
566,11.450632147410674,-0.39026622751847445
567,12.561045140964865,0.8567716556519559
568,11.055429369752517,-0.973899344016655
569,11.088868018346416,0.4542730930738468
570,11.28597513962961,-0.552959373799238
571,12.06704250260435,0.7297452189997612
572,12.984007768311308,0.8616098450920868
573,12.369752610098642,0.0384988638786127
574,12.21784889320753,0.07077730314757584
575,11.971813664055361,-0.04713945460099473
576,11.335182145754057,0.668791076820038
577,13.368926630501036,-0.1766300888646105
578,10.899450300820467,0.35229152400738334
579,12.013404501367491,0.8878006503238604
580,11.415417047477025,0.21455076882783344
581,12.343594622931738,0.4160681242571216
582,12.280950010602467,-0.11196656452855962
583,11.803790427045051,2.206402641752325
584,11.458586113507884,-0.0033545144451522014
585,13.430883055323987,-0.6206598365295946
586,10.842803973949087,1.2649713689898656
587,11.467095876631557,0.08529113369147699
588,11.026747932379346,-1.0528535352810553
589,11.083573885598945,0.6037039597089409
590,11.420841532454048,1.0005284717852434
591,12.561811195898564,-0.5399731982266868
592,9.693821328201402,-0.5616747917600727
593,10.921194859933388,-1.8088710798888967
594,12.02065714513868,0.2784492435201135
595,12.950663081910932,1.5458795930212281
596,11.986227430035521,1.2091459689056454
597,10.386800372404247,-0.9137733143158657
598,10.59708436523794,-0.650934338631394
599,9.949225894359689,1.138707586829372
600,12.665434705383776,-0.0667304578768548
601,12.493109563305085,-0.023739423255535533
602,10.411842588191478,0.5475120970396167
603,11.715326868036774,1.6787497363661357
604,12.429008442979551,0.3706624750267522
605,11.438644006601494,0.9113418047825768
606,11.413502530965436,-1.838024209433773
607,10.171016275524433,0.6572214617991053
608,10.97239897485299,0.3623186666766493
609,12.547626561272338,-0.9756846437236009
610,11.810642124354931,0.33935741485161314
611,10.796686234686787,-0.5296382058741536
612,11.412406073228103,-1.6774028108634196
613,12.88904290571761,0.5766814275549503
614,10.436556905897445,1.9448177541529852
615,11.467323778882479,1.3872793302778572
616,11.862773901506683,1.5339188470218508
617,11.04210993511104,0.5168614590213924
618,12.01451355329274,-0.11217672065604133
619,10.61880615363788,-1.3265449541513699
620,10.864866390322089,2.090829686043793
621,13.93916694678526,0.05662352198918785
622,12.518325873427965,0.6641387379302529
623,11.588768955129174,-0.23095573356935317
624,13.17362278171843,1.387338997451936
625,12.363896800401285,1.0668166428222876
626,11.31358620127543,-0.9268495165216327
627,11.337203170243615,0.29000798092767976
628,10.519688788292216,-0.9008502741522004
629,10.819421508571635,0.953367422240403
630,13.783496542750754,-0.6302942241960131
631,11.250762485187517,1.0744824166147453
632,10.005643288324162,0.08333387470592608
633,12.099221074161436,0.8879715838928729
634,11.59225381160271,0.9824221856886964
635,11.029806864178783,0.7952594675506196
636,9.970771566677575,-0.662734756147618
637,11.670149197632885,-1.7272429115884815
638,11.680912754813544,-1.8508058661742275
639,11.839297941422473,-1.3417458805912676
640,11.699215688924765,-0.8487822494257259
641,9.662648722944159,1.0691519736964565
642,12.752558445289555,-2.9981340702707797
643,13.026523001105659,-1.1424405590032332
644,11.347320008886339,0.7410745958318309
645,9.974661477511644,1.0124692291800905
646,11.488772453056274,-1.9727431427138833
647,12.55102559307164,-0.4167131843145327
648,10.902686477327094,-0.5200498850865072
649,10.09490052602185,-0.10579036077601714
650,11.926481125349683,1.1377366473242831
651,10.510682752726453,-0.22555259809763528
652,11.262147148493582,0.4981885307332467
653,12.215654793331476,-0.07796340347109082
654,12.14569536972562,-0.5602848795412089
655,12.0956961311994,0.7985926005226334
656,11.1858127351002,0.44615363641115896
657,11.53125685814233,0.8090984462899924
658,10.617214769711508,0.4287938627517494
659,13.336630475988965,-0.040077160451337496
660,10.315804168341781,-1.3077486746848463
661,10.737811913804242,0.16236227299538772
662,12.306765784386847,-0.19828340158147625
663,10.674664597784046,-0.08861784468006594
664,11.51726508611845,-1.3276705862305638
665,11.71667237448037,-1.3194512767826854
666,10.76199946269385,-0.49805992983794123
667,12.095142885798088,-0.5909902305960271
668,11.156573214357925,0.8698968949217487
669,12.552897254806396,-0.13650291455075542
670,11.131110321303245,-0.6570227138131943
671,12.785813976006832,1.0211429931427216
672,10.121521619809764,-0.0638719612939346
673,10.8353372313113,-1.0153127623113263
674,11.16932551210114,-0.8045966463077221
675,12.444534971844613,-0.7814620198653678
676,12.200726395949463,-1.2100813552360619
677,11.394007552673862,1.0232771946286807
678,11.103740261391257,0.0030915792986747023
679,8.975940142024509,0.2591571922485062
680,10.68610442925533,0.6432850491212976
681,13.127558157020507,-0.8421279538172873
682,11.475954221806857,1.2637030374688139
683,12.410851463204693,-0.6001820979268864
684,12.747338798517822,-1.132051028500325
685,11.056031935663432,1.1270071924240102
686,11.825706682517081,0.1742665005315473
687,11.046428343749904,-0.3625152390333083
688,10.17653421724137,0.2770261627700592
689,10.441013488189826,1.7970761673930666
690,11.871875159854502,0.6892606580532239
691,13.098028899765774,0.08637215662896747
692,12.41122779531332,0.33177977722648383
693,11.003808452521723,1.3141028470529592
694,10.865700695935857,1.462225542019953
695,12.686756646944643,-1.7607403011826603
696,10.415492862852272,0.9925294628795222
697,11.529088770403995,0.5498379971963239
698,10.685738927386838,1.5181728490576134
699,11.707267358014255,-1.0574155866787702
700,12.387007047558132,0.6130438133611446
701,12.829942736742547,-0.5842239911101493
702,13.008930679010618,-1.23385455390529
703,9.824045239295913,-0.6136352068004244
704,10.324470781760544,-1.1169287996297528
705,11.442599738734927,0.4275706798536345
706,12.078564551798653,-0.5529678540380616
707,13.240479453729133,-0.050983903212976724
708,9.741327594644865,-0.7459127857180675
709,12.363799612579587,-0.1450918246575281
710,11.31841679959761,0.5461782836489071
711,10.164835486349226,1.5303962011915984
712,11.684790314470758,0.32074568790779606
713,12.300562620124916,0.295487536453951
714,12.082672323161106,0.7281893758912592
715,12.499175757309064,0.577637492108132
716,12.198984067581671,0.5527068696121925
717,11.8405476977459,-0.44031395433171044
718,11.510953662871021,0.10932919760539081
719,11.68206419958537,0.165546734623952
720,10.699339594691006,0.8720080500214248
721,10.507713567717529,0.527214377733906
722,9.353022105209313,0.7132196643229504
723,11.66362755003842,0.5103982403062877
724,11.42192352613383,0.7878164162291448
725,12.58736114486559,-2.4798411375267357
726,12.793246767005217,0.10777509915344095
727,11.47945535152208,0.5642586849200592
728,11.694577308387851,1.1632383549181216
729,12.364976285429597,0.06512860870036319
730,10.196250286034898,0.7729504324504257
731,11.497230514607363,-0.6758775276698666
732,10.639212822414118,0.39570829168094296
733,11.996814003597649,-1.2622693902051196
734,10.117627937401869,0.8111822313032212
735,12.905472987214853,0.2098411547198246
736,11.048510723088249,0.6836522758515733
737,11.857246361310857,0.2414930975848552
738,10.162728077814391,2.4327686638997257
739,13.351394997772081,-0.40784547440502733
740,11.702977362538126,0.35742427746876254
741,10.852551597838618,2.497862977879818
742,10.579927423380742,0.3576350897925238
743,10.802795065491782,1.153838829320999
744,10.650307083310018,-0.3767955115487561
745,11.987271507181942,1.3003239593450913
746,12.051244848927363,0.6099427499290504
747,11.34047008714515,0.6786155487312434
748,11.484061817662635,0.5666587061890733
749,11.73440709295633,-0.6705830793292706
750,10.090407674925844,0.31265287790575247
751,11.038017836384848,0.09829317734336512
752,11.381549626472077,-0.5763786535686586
753,10.96866204586772,1.034473862105275
754,10.902317262074327,-0.12553992542931644
755,12.446876041399397,-0.19165778970650912
756,11.605018753264778,-2.7550437861350994
757,11.860918231908158,-0.6714649253283956
758,12.076509532816932,-0.09707430688713882
759,11.638471043943548,0.8956573962179345
760,9.144550790310374,-0.48483857454669227
761,11.92561129903908,0.05890905909634409
762,10.567447364788658,0.0676580801237993
763,11.596784970366274,0.9835627125380417
764,10.793860004411938,0.3136370604834934
765,12.679932478905762,-0.14793475965366745
766,12.658793697197225,0.6194311412489453
767,11.627935949951121,-1.5689097156213674
768,10.763791448963566,-0.17169277096475452
769,11.193200762526937,1.510326120874098
770,11.397953398437558,1.193867407297941
771,11.906353864789255,0.1336354007944184
772,12.14805264892694,-0.9551633441936728
773,10.513414178232193,0.3084384023983699
774,12.606473984878733,-0.8952527135614039
775,11.44921430293369,1.2723781815182535
776,11.327077009128628,-1.0404996030609446
777,9.347831986054068,0.46329278447628075
778,11.289820235749342,0.5552574827479574
779,12.231662192066366,1.381136037884713
780,10.233785149386309,-0.9386187025673777
781,11.123788494825188,0.2963602969288969
782,11.795112890734618,-0.5293077295803809
783,11.350036541159993,-0.901064067098926
784,11.504162359059883,1.6999239662975556
785,12.216127798952508,2.7424721308087423
786,10.780080490865311,-0.7021141244050417
787,11.60714746867355,0.17917776053272516
788,12.355772971240649,-1.0253896842572612
789,10.807744504445127,0.4266606718686673
790,12.25924343193096,0.19422475558616104
791,10.346537963272294,2.2388316586468355
792,11.972545460328998,-1.6559862847719482
793,11.267275717339635,-1.303872407618257
794,10.189663844551951,1.6142358278172084
795,12.843763271837178,-0.1251218648567385
796,11.265726544394843,0.2470163037548712
797,12.411801272750582,-0.5503683197318364
798,11.900411324268783,-1.0235923249320495
799,11.90469950850226,0.4502675001967812
800,11.57615928826478,0.6601775218857678
801,11.610031088521914,-1.2419178218795655
802,10.631155965477014,0.4383120967385634
803,11.037834929543939,-1.3429387579674388
804,11.131610156325197,0.6640814124017094
805,12.182615453862839,-1.0166930226012736
806,12.979549833756577,0.9148458125643464
807,9.600785141643847,-0.1323347427363127
808,11.21228237306711,-0.0865481123122416
809,13.09169092484959,0.1498487804841368
810,11.840555585049998,1.6690263353597163
811,10.645903816681372,-2.6268990747097405
812,9.729600193962229,-1.1031716128514673
813,11.127412188900482,0.22568343544746303
814,10.655903754512766,-0.11698927188586428
815,11.678342372681984,-0.7885875885328539
816,13.003815003011837,1.82957184761214
817,8.920366247689135,-0.9877949191831141
818,14.125388250568973,-2.6246995172125147
819,11.69361705187649,-0.9850401128539009
820,9.455768047714612,0.7456826367998539
821,11.242260215902474,-1.5183843759345326
822,10.664397742648385,0.10483289180369595
823,11.074623919565559,-1.6723182319448198
824,12.649823731947077,0.2856125592912225
825,12.095983485822321,-1.125535507651492
826,12.268990212232644,1.0845175675537575
827,11.613134271567322,0.7806486055462989
828,10.687002373722791,-0.9894176605404286
829,9.154581973861806,-0.7926929917794123
830,9.222046386096832,-0.3667051900929493
831,11.392279949163944,0.3383957958829545
832,11.574650749323892,-0.015051486712794243
833,11.085402726916968,0.42236323767191564
834,12.681677958377946,0.07018615520604377
835,11.824179219243966,0.9180858654302709
836,10.297703328152624,1.999542268709314
837,10.365697337621745,1.3031763414967543
838,12.503037957297813,-1.0560115656926243
839,11.516884800627823,-1.353131282684145
840,12.17332288782398,-0.019887867490287876
841,11.848848648922134,0.5572551237889771
842,11.783572367123188,0.17774753887470593
843,12.20459937125547,-1.1764524958214886
844,11.366209468364653,-1.5892420553526874
845,11.465717658771915,0.18642874554131364
846,10.85407115588368,0.3133624389793077
847,10.245714236677625,1.3071775208521894
848,11.662727915236387,-0.6737942876611177
849,11.057478524192371,0.23661285598008072
850,10.340212639884907,1.0361414524322825
851,11.165967461018186,-0.012658165907526116
852,9.753242630029334,1.366262966265694
853,12.54187178010994,0.38592404315837064
854,12.035947979255427,0.9787645128095662
855,11.552548668042974,0.6502316226141444
856,12.313069692494537,-0.12303200066863615
857,11.781180933875483,-0.08296083393417228
858,9.931038090262396,-0.4210931147751927
859,11.295634053079796,1.7042227671562642
860,12.04276314765225,-0.5087667952410522
861,12.609921847970266,-0.419813783885123
862,11.645055120963319,-0.42809269465676497
863,13.958538895010747,0.08767616711533635
864,12.608190967114625,1.4268860357432807
865,10.496160907164569,1.6495800197191808
866,10.665838167937952,-1.4386264790212073
867,10.330601818369106,1.0138793128551593
868,11.346954329740182,-0.2922670999473563
869,12.21784520928833,-1.621678060442501
870,13.361797169994329,-0.6316980157809706
871,11.817335428170377,0.7603758761837272
872,11.294990734330018,1.4257397681793125
873,11.428225884878932,1.1467042395901168
874,12.824242347455735,-0.3689649508120801
875,10.532347680479809,1.17935431830659
876,13.824749799121532,0.7937923821824505
877,13.511525667508167,-1.1956358290902536
878,11.918065325009406,-0.3244415877116225
879,11.877133152896075,0.12597359491423374
880,12.872398747323567,0.47795456964969635
881,11.456716854635808,0.5087026576840444
882,11.201859642082656,-0.21938276158435244
883,13.078678945874323,0.6342941073975326
884,11.745981561941978,-0.7412284281415302
885,11.863709895723938,1.8897917868966112
886,12.653612269183535,-0.11722297249149079
887,10.872950390755413,-1.0077349012199786
888,11.52204470809022,-0.16336646461860588
889,12.92130537339398,-0.10619234127489822
890,11.525415866585917,-1.8393125079881354
891,11.553250854887342,0.14848659167027725
892,10.386695821513426,0.6927064585412102
893,10.722490884922497,-0.9674360515318933
894,11.617476466000578,-0.6493413722138023
895,11.96068088636346,-0.7796307690644813
896,10.837513435082062,-0.15876286228348457
897,10.817636424509457,0.21316813524865755
898,9.188664265122384,-2.0687012077126936
899,10.781454495189507,-0.22756535370853573
900,12.700791111174478,0.7786439397419581
901,10.77616183421037,-0.017367530372148738
902,12.233847320002713,-1.2616474463100793
903,11.903370160322254,-0.7472231400575644
904,10.859076008043019,0.19693439221084566
905,13.172795217432004,-0.028973220598779586
906,10.410051191293848,-0.7002247297258011
907,10.47716273991477,0.10526961071667691
908,12.497578829766901,0.6451496078935647
909,12.506541218721543,-1.1055821923112064
910,12.41991975843228,-0.6519187293970848
911,11.1060113017344,-0.25844052726812966
912,10.497992948515146,1.611660913661793
913,9.82268279691646,0.27979635465158276
914,11.894385639400928,0.47481214517611686
915,11.055387219504077,1.1494409795835898
916,11.410962656310886,0.17361418633190298
917,12.293209122600858,0.6873969793444111
918,10.382663005093969,-4.239328218593383
919,11.504978907951577,-0.4993191751784311
920,10.618017999393155,-0.2932848668996804
921,11.51738466670752,0.6556240788462233
922,12.320873513123784,-0.6542216488455007
923,11.816150622936641,-0.39180506079576466
924,11.696636407959323,-1.5751211035835089
925,11.458502274917931,-1.1286926002147906
926,14.004397402274536,0.7480899077367333
927,11.189704685192073,-0.3847406763226708
928,12.412506860316302,-0.38038962145278804
929,11.8214225976741,-0.809700890599882
930,10.06151252910684,-0.5187480549686575
931,10.847668365546582,0.15414392883455716
932,12.582853511500476,-0.9874181106093132
933,11.174184706362873,0.8558469940861901
934,12.88397915466331,1.2077384034134864
935,12.470876841570444,0.3917785100711903
936,12.018500514708101,2.7399327607533346
937,11.922966062333659,0.15661912860136873
938,11.376779527593426,-2.1263707764135953
939,13.410289940882286,2.050164157212289
940,11.524443972036316,0.08560059888992204
941,12.665684852563913,-2.126978811745494
942,12.591140501442727,-1.1181390832669678
943,11.122736815858335,-0.890485398617952
944,11.310475532088216,-0.12990514103135561
945,12.226063907156513,-0.2185908218104909
946,13.966388054746695,0.27067210424354976
947,11.000879591428804,-0.05484323234131293
948,12.04565002670216,0.5676971212357538
949,12.391465811587834,-0.5970289887813719
950,12.616100153106842,-2.174102183896828
951,12.057298223661553,0.7509732078967687
952,11.967898122025462,0.8332704995631833
953,11.30512994017851,0.07799393036717375
954,10.487504636409087,0.09800663283137262
955,11.41286974301488,0.11256893927713195
956,13.144347635455675,-0.9846568680371302
957,12.199371160893898,1.1526984705302188
958,12.533129905660926,0.1591623251353912
959,11.048090859316925,0.7560333579854059
960,11.394061110973247,-0.6968706967343388
961,11.847212902670366,0.6798691523473763
962,11.957417297793526,-0.35170901806656774
963,11.536337195493974,0.6131551643679382
964,11.71832500271786,0.09901418255365688
965,11.646266124523201,0.5062071835876912
966,11.132467213212804,0.7387110035652106
967,11.015266186840698,0.5092787553145408
968,12.03786763006033,-0.14100058674135219
969,11.344114875820253,0.34712822393717396
970,11.071417364278448,0.09281149391860434
971,12.722795651224308,0.6951524149694617
972,12.753726729137533,-0.14392604621452934
973,10.42362947484485,0.5879439662634651
974,12.01932737172326,-0.6640236917276242
975,11.346199523812338,1.3139446379035344
976,11.185270798190636,0.526910470018928
977,10.828491128472882,0.5611245071621357
978,11.586951619842178,0.11986942427144989
979,12.178756869487353,0.4603476947735118
980,12.02382616319902,0.09320474257814339
981,12.4949280849596,-0.030898848702563764
982,11.061021857198156,-0.23342273571749522
983,11.299290504551998,-0.8229869027716676
984,10.899039306891622,-1.9541901919476914
985,12.141717972760008,0.3864452537105169
986,11.550769880284536,-0.17717453140270503
987,12.697256627678405,1.1489033971425524
988,11.79276456046083,0.5443687381048792
989,11.56036242324189,-0.14144702720809993
990,11.265636300359253,-2.9479052717236502
991,11.938845319220876,1.1971929652163167
992,11.398237059723433,0.09811050653778093
993,12.010826403945444,0.22463630832429976
994,12.48822592641894,-0.25957161394034906
995,12.611845497442289,-0.5190637011258603
996,12.050045069835143,0.8375391394243971
997,12.05417528114629,0.5489107460875104
998,12.405340685437006,0.19266762112176966
999,10.601230773921879,0.5972479926101949
1000,-15.100542680352131,-0.005811344339943426
1001,-13.4738990827849,-1.4002047004126101
1002,-13.546286231984755,-1.9621116872863633
1003,-14.43863002554074,0.8485775591388742
1004,-15.709940235232208,-1.1727846813690064
1005,-14.6533837711358,0.8646041795215728
1006,-11.85681903902049,0.9526331914503954
1007,-12.772343447704577,-1.0992037165293294
1008,-15.228885515139895,-0.40115135985569084
1009,-13.15376765913721,0.2385201474380263
1010,-12.675363875898082,-0.08294039412777619
1011,-15.503542414109038,0.19002399129312417
1012,-14.529641948404894,-0.1997933361352829
1013,-12.844650627140195,-0.35041889808445975
1014,-14.411633755649687,0.8624888104056242
1015,-12.934448037487462,-0.1284917255635525
1016,-15.265737184430412,0.6537402547606335
1017,-16.36924065116005,0.7744792710744469
1018,-14.949965206074072,0.2423426523579347
1019,-15.327169220892648,-1.1647968806562004
1020,-16.004561023982394,1.5808967139573114
1021,-13.715862729035718,0.9910474987782518
1022,-14.404661032760117,-1.0248490610200995
1023,-14.127802525539837,0.6751248195958832
1024,-15.822720071614377,-0.4902225308410079
1025,-13.525101098855329,-0.16450652383704303
1026,-13.339704347782806,1.0187772226730427
1027,-14.38832496229489,-0.17200514837695396
1028,-14.945415221434686,0.8174877958775727
1029,-12.541496000407818,-0.6062422359881778
1030,-15.853671270616266,0.5538135814713612
1031,-15.877590043444693,-0.2543050904130232
1032,-14.715432912644578,-1.7551582642802115
1033,-14.801396573719332,-1.1069666102481606
1034,-14.257202126890116,-0.35650151419881865
1035,-14.562881801359383,-1.1421752743745797
1036,-12.150524668757933,1.572805195238914
1037,-14.179197839398809,2.3236086096501953
1038,-14.551922565870761,-1.053416132307159
1039,-12.478613916123695,0.2300861371449505
1040,-15.591857995734678,0.6550061633026995
1041,-14.149572108123328,0.5190247627098089
1042,-14.774792097703239,0.004177961924042659
1043,-13.618540790995134,-1.398769912474481
1044,-12.931139732907631,1.241222842728126
1045,-15.294566948063476,-0.8925439062613346
1046,-16.24696874551546,1.4623778226359065
1047,-15.867088417607548,-1.9616794002234026
1048,-14.019446763245293,0.4694492766011946
1049,-15.977290060377696,2.39465782871332
1050,-13.861832304481386,1.8641353166737593
1051,-15.421619964460753,-0.3852197834383267
1052,-15.926081134158816,0.678235905546985
1053,-15.405873164532759,-1.0726686458748411
1054,-13.520020411108876,1.8561453640802208
1055,-13.315287577476806,1.8350176899447659
1056,-15.079939682583614,1.7577374507723895
1057,-14.19292841153864,0.5977379617818379
1058,-14.41920204567269,0.6239554110566631
1059,-13.266925670772057,-0.3258029783143761
1060,-14.269421070640112,0.3690055543476523
1061,-16.252525938645125,1.7371902943737496
1062,-14.622706268145404,-0.8881074790507131
1063,-14.683988355337224,1.722849872903739
1064,-14.343467131661484,0.7525653136693322
1065,-13.484213577203112,1.642534070511646
1066,-13.16154536718066,0.20022120747892336
1067,-13.066175692502357,0.09068625747660176
1068,-15.089954905441921,-1.2834970295002601
1069,-13.883045259341904,0.34166911055725124
1070,-15.484837340179086,-0.4654813705533774
1071,-16.105032814645597,-0.6760954326800787
1072,-14.073767318906174,0.7893156886364542
1073,-14.475913412847895,1.9156707443706023
1074,-14.617526589877238,0.1720832098705678
1075,-15.470214989845053,-0.08729122654072909
1076,-16.065125707711218,0.49546012237653136
1077,-15.018965199313135,0.29376292635569884
1078,-14.998340487715465,0.976072754975504
1079,-14.630989054391513,0.3231966722232776
1080,-14.044416391567443,0.3734569972147708
1081,-13.83894975613425,0.3545733029533339
1082,-15.196751805487828,-0.5498944152930582
1083,-15.09810747908763,-1.4200338141241535
1084,-14.32411949688161,0.32742614419129284
1085,-13.467364488306062,0.6868066527015773
1086,-16.203029781555692,1.4956104580544
1087,-15.965362616854279,0.7965676259902557
1088,-14.19007951244733,-1.0653026822108635
1089,-13.672599974638592,-0.6277449342565669
1090,-14.789697565379138,-0.002129573758950231
1091,-13.873014492921056,-1.7494914421053016
1092,-14.962881602387387,0.2961899699427975
1093,-16.615809196607085,-1.2219121869253258
1094,-13.136502443747586,-0.624629673299165
1095,-15.317188559045336,1.3768396322912604
1096,-13.666319764327824,0.20485293524650872
1097,-12.589781509999302,0.20667421547889475
1098,-14.644475352543425,-1.7237094530485741
1099,-13.746400372093309,-0.4222072180363628
1100,-13.885125082506494,-0.13465971031326543
1101,-14.43518603557878,0.720747974169836
1102,-15.576129104245377,0.5456809277678362
1103,-15.259711122898374,-1.2391552595750628
1104,-14.460657416562418,-0.9063897801782854
1105,-15.160787955078062,-0.6263449805566088
1106,-15.566594094869306,0.17619291859591266
1107,-15.222990524737845,0.3394673418272353
1108,-14.908402063043019,-0.8699040075000893
1109,-15.318535327374317,-1.0833734844797691
1110,-14.726748920685573,1.540670227295833
1111,-15.088584480511093,0.651553690366892
1112,-13.804689472449603,-1.4555925299019874
1113,-13.50875415129951,0.33311617522950104
1114,-15.31847619995802,-1.2401416514710741
1115,-14.21290317187162,-0.6419069823284611
1116,-15.182359162611462,-0.5078268713298716
1117,-13.272220295524498,-0.48691803542983036
1118,-13.24817729386205,1.3022025568697109
1119,-14.725415860098698,-0.4959255999648808
1120,-14.562542333783147,1.0283021751860706
1121,-14.473730122330046,-0.0018013855432492006
1122,-13.692421516601236,0.7151178841033008
1123,-12.221175280060736,1.3611902215186567
1124,-14.416301083444525,-1.5257157802828831
1125,-14.421562369828871,2.2279447120084837
1126,-13.909225447163024,-2.130577502456646
1127,-16.033741768494046,-0.7911196539080573
1128,-15.027993850685467,-0.7592146099139836
1129,-14.613015061362486,0.31044950254047726
1130,-16.524937437945784,-0.13045097458054758
1131,-14.118718423354991,0.1383921865543923
1132,-13.838554567892208,1.3952142795770601
1133,-13.958604987373604,0.7328978963920159
1134,-15.500951549280883,-0.48216019339010463
1135,-14.967450211965215,0.011282888721934784
1136,-13.379535660417579,-2.8405134917152797
1137,-16.90293200077124,-0.19165386158932673
1138,-14.689379507406947,-1.3236923410609929
1139,-14.07842247206706,-1.1299819852490578
1140,-12.84380851189268,-0.3995697747106961
1141,-12.281474205279562,0.5520980140968134
1142,-14.695513107015548,-0.2291459938834599
1143,-14.701119548388519,0.7710022036855295
1144,-15.66653699060868,-0.8480604070266741
1145,-15.365582376036349,0.6332112817316957
1146,-14.32635460017689,0.015763009577028718
1147,-14.839170721980292,0.17797203111738008
1148,-13.699899422573203,1.5210254569950148
1149,-15.399113244618997,0.572693180485673
1150,-13.487167807059679,-1.3356069960444552
1151,-14.800244829162121,1.1527363765758718
1152,-15.200003876959654,-0.35333862640106106
1153,-13.183183139000342,-0.4607336129024667
1154,-13.984683059225294,1.3636119842209071
1155,-15.087961671332302,0.4379345209605313
1156,-13.638021342151015,-1.9229590745604743
1157,-13.719090750448377,0.4629743047991924
1158,-15.173481731083491,-1.2578061741512596
1159,-13.47945668476925,-1.7962216699088722
1160,-14.883597722118298,-0.754352649092651
1161,-14.402955460202682,-1.7164033627060324
1162,-14.121936549852673,0.5069354034393234
1163,-14.188604630488502,-0.6432310173950638
1164,-13.979237398231394,-0.3641141722565841
1165,-13.060866132509101,-0.7940428912292121
1166,-10.83358758581411,-1.9582916321317685
1167,-15.334830123544966,0.18895027948160417
1168,-15.167742329202063,-0.6240605499614194
1169,-14.908611005573414,-0.5701785689719915
1170,-14.457282474348345,0.7910051319290367
1171,-15.864308661867792,-0.8336456162076713
1172,-16.40807693582909,1.11400933953316
1173,-14.153144705933256,-0.4104873172349765
1174,-15.319613844613869,0.21555684511444356
1175,-13.571527218816254,0.5854831937770945
1176,-13.716974158582016,-1.8545209658604453
1177,-14.53390382013857,-0.1313248649403095
1178,-16.569150747494596,1.126666174165244
1179,-14.426481157997832,1.9235346804384164
1180,-15.10520439907575,-0.3039835418462691
1181,-17.154257305535488,-0.5422221998273813
1182,-14.379523692453729,-0.809612674973866
1183,-14.056901031871028,-1.4262491855228987
1184,-12.147578304818268,-2.0364244856303473
1185,-15.634434440671248,-1.67233403580445
1186,-14.825941928783612,-1.8387704759744012
1187,-15.73862251901281,-0.15463192452533334
1188,-15.728377674579262,-1.590163467319402
1189,-16.018387592097106,0.8237149506864008
1190,-13.413442382010006,-0.7170048782031695
1191,-14.943084221563545,0.8655735275195615
1192,-13.577997847485912,-0.3438867602108361
1193,-13.908125297426853,-0.9165398967371862
1194,-15.368944504056739,-1.3031630133469916
1195,-13.444989265332172,-0.797824585787381
1196,-14.958402421861994,-0.5269149816686094
1197,-14.56620097722847,-1.6404833147477607
1198,-14.222590237178638,0.1489091445393632
1199,-15.807389792004207,-0.6844858633185938
1200,-12.427545215274325,-0.3530347457714895
1201,-14.645443522255416,-1.054354909991463
1202,-14.347640466094516,0.1609780351307199
1203,-14.746482056077397,0.15704159050831476
1204,-16.184965432085153,0.29824889857317166
1205,-14.367134106181762,0.6430832645169923
1206,-13.340622545098036,-0.19607070598589255
1207,-15.018741159910514,1.8246239026833955
1208,-13.62377661294315,-0.42856734921931855
1209,-14.236549636692482,-0.924233498503452
1210,-13.84356522850126,0.921194919111511
1211,-13.433264495383165,-0.9298066747845748
1212,-15.686320154996045,0.619079072854815
1213,-13.805594361651092,-0.8504184342459468
1214,-12.729965594281499,0.6643913741689557
1215,-12.971237820385415,3.2579830491457478
1216,-15.345716500583988,2.2151535767853074
1217,-14.110924294905722,0.841389746498699
1218,-15.572979586932506,0.24927907128097898
1219,-16.47394076860831,-0.5381675366154468
1220,-15.341509250288258,1.286875730655812
1221,-13.05036309534266,-0.8696586189264878
1222,-13.017988325722609,0.29435642423698555
1223,-16.124676942999443,0.3682131997885151
1224,-15.29648788366567,-0.3146736503836872
1225,-13.732764133330924,0.16403332322131645
1226,-16.531340159412107,0.1288980795868405
1227,-15.89139587181657,-0.21660787307724483
1228,-13.485408833973441,0.9141456108694973
1229,-15.281397708036861,0.7006060810168014
1230,-15.230215778602968,-0.8355005131119407
1231,-14.35156459379832,-0.07895413149397097
1232,-13.691048188766505,-0.5345912604998987
1233,-15.417296600773899,0.8054378576378262
1234,-14.640910857649969,-0.24240930913589395
1235,-16.095872955847835,0.5473731881480718
1236,-12.438409833539039,0.9766434655936642
1237,-14.458407685433146,-0.9167114840035453
1238,-12.708473046814479,0.5695066383035198
1239,-13.736178878205557,-1.6505428442276897
1240,-13.274560129220554,0.015353629592981758
1241,-13.61429639936264,-1.0796132183935085
1242,-15.498733917109172,-0.43469291709536584
1243,-13.883118478008694,-0.7603830690722365
1244,-15.05001175620831,2.0939376840181496
1245,-13.896513308093358,0.7147368750477565
1246,-13.854274345087575,0.16158267649401375
1247,-14.75886391951567,0.646334770916997
1248,-14.753974290125274,-1.3877479645036768
1249,-13.963824655200034,0.5859667235134046
1250,-16.997991417117543,1.4629856083074302
1251,-15.688787651049534,0.21656063751457105
1252,-15.697091005802582,-1.2790201986367462
1253,-13.299790600095765,0.3443604722061823
1254,-14.663948133881023,-0.14576868628142506
1255,-14.250931893188111,0.9518530804118293
1256,-14.241771449434232,-1.5808213413590275
1257,-16.21177258172535,1.9242795061628166
1258,-14.512007460411814,-0.4875494858635291
1259,-14.257728950098677,-1.3390591481090204
1260,-14.53681290953766,0.552916063812434
1261,-14.251951476827148,-0.7340800206656863
1262,-14.76865734369009,0.2530591750046054
1263,-13.740072119889387,1.6172060174200291
1264,-12.712656994817918,-0.6355910517794923
1265,-13.99824841749758,-0.6670837444740023
1266,-14.091115546683444,-0.27565812156126024
1267,-15.672036823821742,-0.28080505265337413
1268,-13.895225014730372,0.7686299852610844
1269,-13.172724452866303,0.26779226631282516
1270,-13.373700103331531,0.990546997453078
1271,-14.074482749251093,-0.3716011741188717
1272,-15.22285414934103,-0.21264239354925243
1273,-13.54202825723464,0.7974880155890477
1274,-13.15448810066426,-0.22263911381141746
1275,-14.571782962845592,-1.7213641026743831
1276,-14.242346538883067,0.13307495719673887
1277,-14.525318956153912,0.679552867739879
1278,-14.869350481118724,0.6203718964465388
1279,-14.843050820615206,-0.8447003657699647
1280,-14.099111819765776,1.2280314969407116
1281,-14.707398898412256,0.34403143584783663
1282,-13.686180826047496,1.284170946362888
1283,-15.968286111451091,0.5090784226239389
1284,-14.13054623225476,1.7662830514878218
1285,-14.974520540676998,-0.6363994968359581
1286,-13.265320997356648,0.7035494172893009
1287,-15.475373673505846,0.1554509501122767
1288,-13.369510207571249,0.3243594182032809
1289,-12.46991031555009,-0.1660223998333912
1290,-13.054355020385053,-2.5134049845226114
1291,-15.053699551720799,-0.5126173445932324
1292,-13.290814503738124,-0.11714885867895135
1293,-15.507012443030968,0.2479081315742199
1294,-14.883871474674402,-0.4464676411781913
1295,-13.526824058128222,0.11840362913069662
1296,-13.15493471201514,0.581717679065665
1297,-13.822008758662854,1.0947661222137202
1298,-15.013551506909641,-1.0428927220370416
1299,-14.57571309402598,0.20092867433586195
1300,-14.927317391442728,-0.5584469447495205
1301,-14.309466590981282,-1.4930988399365583
1302,-14.47775338697631,-0.2922991123282209
1303,-15.066757916717966,0.46130364948420555
1304,-15.434763978302184,-0.8323195300019788
1305,-14.378230578984804,0.35731951555370245
1306,-13.370496371133834,0.21342363067102962
1307,-13.396138598765184,-1.005007186160779
1308,-12.635284141031944,0.07427552810211654
1309,-17.246170805620487,0.6271434971550797
1310,-15.723542134779391,0.42272432411007094
1311,-12.724369131299438,1.5390623275718303
1312,-13.101715106273696,2.421498015678091
1313,-12.77744622008147,-0.09501991178915652
1314,-14.553085138841926,-1.2323182874707133
1315,-13.713728806588858,-1.1364009498230994
1316,-15.511536468334851,0.5148715902454669
1317,-14.423743385048914,1.462801069661913
1318,-13.633648176601708,2.6427216850293704
1319,-14.145729968587572,0.4136436981198823
1320,-13.02356155967615,0.7236753119902055
1321,-13.005781556109376,-0.06812132892940578
1322,-14.500564034003999,-1.0693694934165754
1323,-15.623543787574631,-0.3680123582097915
1324,-13.89026468704309,-0.0620104141464293
1325,-14.41259217932848,0.7968890814743381
1326,-14.298914775367532,0.34504019638810374
1327,-13.108611772365508,2.3541146870263403
1328,-13.255611420013047,-0.9211864613701074
1329,-14.309767381873243,1.7650547009864481
1330,-13.769829194204316,0.6473248745021899
1331,-15.704059904117774,0.10114993137889776
1332,-15.87998151880007,1.9230612532812137
1333,-12.531008463471993,1.1150192200530713
1334,-13.104540424933559,-0.3343387912915082
1335,-14.52895839759407,0.3975656701793051
1336,-12.368537530366217,1.5396833422736134
1337,-13.54439086339063,1.0745926867790885
1338,-15.885453374161587,-1.4532182216593221
1339,-14.47180422575327,-0.268757902861237
1340,-15.386183940798213,-0.0471701174370743
1341,-14.597423367347142,1.7481002947862267
1342,-13.983310342709183,-0.6991434879368733
1343,-15.232813410847923,-2.028800966804776
1344,-14.524837675372087,-0.2863140221402153
1345,-14.149223602796376,1.3005479608795938
1346,-15.331997600839832,0.07221690151255668
1347,-14.297324860106928,1.0241936687371522
1348,-16.583817885798368,-1.6103442111532618
1349,-15.874453304659914,-0.5797072874811976
1350,-11.938720679491704,-0.9469293556683998
1351,-14.179929811375704,1.2961016623028094
1352,-14.531951379893627,-2.026013382805501
1353,-15.501835290580102,0.23249328803495703
1354,-13.798311752676083,-0.18226753946072988
1355,-16.4368555503263,0.6420931299264848
1356,-14.156618916934463,-1.3115090699485412
1357,-15.789246082676208,-0.07300472865507869
1358,-12.590442751909706,1.1164943359003205
1359,-14.924069711179794,0.11476254742215279
1360,-14.46297127218297,-1.647881325532434
1361,-13.507109994636249,-0.14227365248014998
1362,-14.755927627699416,-0.571520164008478
1363,-14.25399771436728,0.3709703699981171
1364,-12.34932118952192,1.2296463947243934
1365,-13.557423726660806,0.3310171941018804
1366,-12.519014128864692,0.1214018628713435
1367,-14.989227557276932,0.09865447499559879
1368,-12.359485539954782,0.1761245619706748
1369,-17.04765221573061,-0.06649621695129035
1370,-13.36560594466652,0.37195519063762056
1371,-13.147425800676238,0.6708134574499952
1372,-14.26618054390605,-0.30389371833557816
1373,-14.783494933320961,0.6796587763898563
1374,-12.600236141678751,0.04933825231070589
1375,-12.20203242186134,1.197416979004488
1376,-14.619554818895507,0.15106053979428816
1377,-15.074824132003759,0.7656318745120603
1378,-14.059906830045545,0.5701273006403171
1379,-13.767582924394294,-1.2904057861499194
1380,-14.004621212592578,2.822959807335293
1381,-14.10569462169891,1.2239849629204025
1382,-15.085085886627875,-0.35636566047481627
1383,-14.65104655542918,0.18755413991376155
1384,-12.46209039648143,-0.17336971731730627
1385,-14.401822934929992,0.28771711030771874
1386,-13.704312667751905,0.5625511829171966
1387,-13.881499166454342,-1.4909505829419618
1388,-12.54357444948931,-1.3990801227690814
1389,-15.244376711691668,1.2073745802087479
1390,-13.385146694245604,0.33835098856877444
1391,-14.693909165051512,0.2054262169276281
1392,-12.971801786051271,0.4832046570217046
1393,-14.53397610548241,0.4193157670127977
1394,-12.031330222022195,0.012058369234792744
1395,-15.127896426354356,0.44006159107773885
1396,-12.747440510596299,0.5576595713758199
1397,-12.689126452932804,0.0560950242550996
1398,-15.0208315961705,0.06803125432986522
1399,-16.238603917630712,0.11757722216003488
1400,-13.352870808795425,-0.3183262782017669
1401,-14.511630113662363,1.4854967593642794
1402,-14.005571869112325,0.22332802255246975
1403,-15.486693695983677,0.09038765290363208
1404,-15.103483751865731,0.9195296103056847
1405,-17.16382925733245,-0.4477379013770938
1406,-13.653295066876412,0.261021227161976
1407,-12.38436914701775,0.1307082152543074
1408,-14.93868821322977,1.8387269194924845
1409,-14.655273112028674,-1.4047281960453835
1410,-13.656943389087468,0.8095383364292289
1411,-14.645710096852412,-0.2644194981633064
1412,-14.941104817066169,1.4943970480258317
1413,-14.588207773419963,0.7429546464470816
1414,-15.700039593696514,0.2865166939913286
1415,-12.228469644460583,-0.04213107029624592
1416,-13.460813696045017,-0.5716677468963589
1417,-13.261343860833529,1.5220259202376196
1418,-13.097477021064202,0.8093108554473679
1419,-15.591777477119335,-0.15677141846924258
1420,-14.624887262392813,0.7349617053798473
1421,-14.368772781568527,-0.5780712886526087
1422,-14.864558763064455,0.795541473392597
1423,-14.638712464434091,-0.8747234840596626
1424,-14.856513462745436,1.3123609954609876
1425,-14.943896555829161,0.8613448316645954
1426,-14.301964515923277,-0.0880369522488809
1427,-15.514482446347701,-2.4715863927864303
1428,-13.245265905768358,-0.3975695696552796
1429,-13.592879933889574,1.0599591241086996
1430,-15.061086053702164,-0.44491327855104124
1431,-13.474126560426905,-0.20295987646182964
1432,-15.737347610868714,-0.7988663041253992
1433,-12.541363892182252,-0.07049189397241205
1434,-14.461932819853637,0.01280522398391785
1435,-13.324396461267929,1.990581231415993
1436,-15.072917702678419,-0.40076676975379716
1437,-14.376483353435134,-0.12554380705461504
1438,-14.218020975439185,0.7366253853942193
1439,-15.109771053324902,-1.6066103849362412
1440,-15.921981073603888,-0.04553446779086903
1441,-12.892577607672745,-1.8591272029824375
1442,-12.178653661139508,-0.52214242255645
1443,-14.32073530418093,-0.07243954008724893
1444,-16.231098003978953,1.7538166013742582
1445,-14.998788548572655,-0.3866764330649273
1446,-15.804245575152843,-0.5337804147569994
1447,-12.836516603384418,1.2622991010588864
1448,-14.889915236315508,-0.45614997155563947
1449,-14.940081705305104,0.7637846957287603
1450,-15.751700531442356,-1.1967760868651862
1451,-15.97720696728926,-0.7153040125037344
1452,-17.12014034825219,-1.8617231974171604
1453,-14.659923116585492,-1.0074655771264052
1454,-14.159980653785317,-1.4164769307798817
1455,-13.426280663485974,0.6460480075093439
1456,-12.60691422819057,-0.003406163995909677
1457,-13.502795739479188,-1.1727081369929342
1458,-12.726766701298354,0.8100293433423954
1459,-16.79919319932268,-0.5310493605864337
1460,-15.650822145607254,-1.1184729775947193
1461,-15.256298938042232,0.17813631957421025
1462,-14.679679287108987,-1.2311999902909843
1463,-16.804089699474194,-0.37760415933550706
1464,-13.260612439864477,-0.32946924285581586
1465,-13.94634340783517,0.03810723555344414
1466,-13.161971100096949,-2.327652976586616
1467,-13.313012017345624,0.5474090521332405
1468,-14.200270663105819,-0.2227996173577295
1469,-14.79881541529614,0.05586802982382005
1470,-11.648241953676404,-0.5437537789876105
1471,-12.953963808139962,-1.5002221084948717
1472,-14.237791578078257,-0.789042899352307
1473,-14.836953267145812,-0.5660888631699741
1474,-11.645280123898102,0.11350824741570227
1475,-12.294442670376386,0.14162919671000604
1476,-12.745425613795698,0.3438820426797034
1477,-14.981718719928454,-1.082942470695971
1478,-14.186724634818683,-0.014442960023327157
1479,-15.511434645740637,-1.3578321470830967
1480,-14.68886269832693,0.7955546398721084
1481,-14.352426147300605,0.08266002587678799
1482,-14.303789450274742,-0.4699630308586366
1483,-14.807243681711594,-0.00651364860919061
1484,-14.498736715280396,-0.7768874850289509
1485,-15.170427078979559,-0.13295385998148693
1486,-15.408852689289237,0.8935906616093575
1487,-14.01978754183112,2.080891089532933
1488,-14.612087023396006,1.0553134252833853
1489,-14.298724701988322,-0.7201863337207824
1490,-15.01789771336835,-0.394514475408163
1491,-15.92836790813629,0.8687005423846337
1492,-14.710086122010408,-0.09077059191569121
1493,-13.986393202197773,-0.6070569739434483
1494,-14.06819631840872,0.7386065384719316
1495,-13.829351609144181,0.6890738132252061
1496,-15.068829178652216,0.7486840620474254
1497,-14.792644596377615,0.07080256204103628
1498,-13.82796616161839,0.16135126773970995
1499,-14.813843602784731,0.07803387501050904
